SYMBOL,DATE,OPEN,HIGH,LOW,CLOSE,VOLUME
ADDA,05-Jan-2015,-36,-33,-72,-72,0
ADDD,05-Jan-2015,4,4,-54,-47,0
ADDE,05-Jan-2015,-518,-518,-828,-815,0
ADDN,05-Jan-2015,-1468,-1028,-1508,-1402,0
ADDQ,05-Jan-2015,-902,-318,-1140,-1023,0
ADDS,05-Jan-2015,-162,-162,-594,-545,0
ADDT,05-Jan-2015,-2406,-1426,-2712,-2497,0
ADDV,05-Jan-2015,-24,-24,-178,-120,0
ADDX,05-Jan-2015,-186,-186,-760,-665,0
ADR,05-Jan-2015,797.45,797.45,785.8,787.98,0
ADRA,05-Jan-2015,0.64,0.74,0.55,0.55,0
ADRD,05-Jan-2015,1.26,1.26,0.53,0.61,0
ADRE,05-Jan-2015,0.34,0.34,0.27,0.29,0
ADRN,05-Jan-2015,0.16,0.34,0.16,0.2,0
ADRQ,05-Jan-2015,0.36,0.75,0.35,0.4,0
ADRS,05-Jan-2015,0.6,0.6,0.45,0.5,0
ADRT,05-Jan-2015,0.26,0.52,0.26,0.31,0
ADRV,05-Jan-2015,0.76,0.76,0.56,0.69,0
ADRX,05-Jan-2015,0.63,0.63,0.48,0.55,0
ADVA,05-Jan-2015,65,103,65,91,36729400
ADVD,05-Jan-2015,19,76,19,74,24678400
ADVE,05-Jan-2015,273,346,273,346,400877600
ADVN,05-Jan-2015,280,537,280,361,429607500
ADVQ,05-Jan-2015,523,1002,523,701,293604400
ADVS,05-Jan-2015,251,562,251,562,107224000
ADVT,05-Jan-2015,868,1615,868,1153,759941300
ADVV,05-Jan-2015,79,279,79,277,26167200
ADVX,05-Jan-2015,330,841,330,839,133391200
AEX,05-Jan-2015,420.06,424.58,410.49,410.94,0
AMZ,05-Jan-2015,469.68,469.68,447.69,448.48,0
ASHD,05-Jan-2015,27,1262,27,1262,0
ASHF,05-Jan-2015,-21,-21,-820,-803,0
ASHR,05-Jan-2015,0.22,0.41,0.22,0.36,0
ASHU,05-Jan-2015,6,471,6,459,0
AVDA,05-Jan-2015,-109.19,94.55,-1597.68,-1238.26,0
AVDD,05-Jan-2015,36.54,1461.27,-4845.98,1177.57,0
AVDV,05-Jan-2015,-89.83,-11.1,-2441.36,-1921.01,0
AVLD,05-Jan-2015,2.42,1075.12,2.42,1075.12,0
AVLF,05-Jan-2015,-2.35,-2.35,-712.17,-711.88,0
AVLR,05-Jan-2015,0.02,0.65,0.02,0.33,0
AVLU,05-Jan-2015,0.06,363.49,0.06,363.23,0
AVRA,05-Jan-2015,0.59,1.06,0.55,0.74,0
AVRD,05-Jan-2015,4.21,4.49,0.1,1.91,0
AVRE,05-Jan-2015,0.52,0.52,0.31,0.32,0
AVRN,05-Jan-2015,0.2,0.2,0.11,0.13,0
AVRQ,05-Jan-2015,0.4,0.43,0.21,0.22,0
AVRS,05-Jan-2015,0.55,0.58,0.27,0.41,0
AVRT,05-Jan-2015,0.27,0.27,0.15,0.16,0
AVRV,05-Jan-2015,0.7,0.98,0.48,0.57,0
AVRX,05-Jan-2015,0.6,0.6,0.31,0.44,0
AVVA,05-Jan-2015,1.58,36.72,1.58,36.72,0
AVVD,05-Jan-2015,0.47,24.67,0.47,24.67,0
AVVE,05-Jan-2015,22.55,408.19,22.55,400.87,0
AVVN,05-Jan-2015,21.3,444.19,21.3,429.6,0
AVVQ,05-Jan-2015,22.49,311.97,22.49,293.6,0
AVVS,05-Jan-2015,3.91,107.22,3.91,107.22,0
AVVT,05-Jan-2015,45.38,791.86,45.38,759.94,0
AVVV,05-Jan-2015,2.15,26.3,2.15,26.16,0
AVVX,05-Jan-2015,6.07,133.39,6.07,133.39,0
BANK,05-Jan-2015,2636.56,2636.73,2590.95,2591.83,0
BCMM,05-Jan-2015,99.32,99.32,98.27,98.5,0
BFX,05-Jan-2015,3270.35,3306.17,3205.26,3208.15,0
BJE,05-Jan-2015,172.71,174.6,171.28,173.23,0
BKNIF,05-Jan-2015,19155.2,19166,18987.7,19017.4,0
BKX,05-Jan-2015,73.95,73.95,71.74,71.87,0
BSESN,05-Jan-2015,27978.43,28064.49,27786.85,27842.32,0
BTK,05-Jan-2015,3434.91,3491.91,3425.58,3464.55,0
BTS,05-Jan-2015,3515.3,3515.3,3515.3,3515.3,0
BVSP,05-Jan-2015,48512.219,48512.219,47263.91,47516.82,0
BWH,05-Jan-2015,216.82,220.88,216.54,217.74,0
BXD,05-Jan-2015,264.48,264.48,261.19,261.58,0
BXM,05-Jan-2015,1078.97,1078.97,1065.57,1067.33,0
BXN,05-Jan-2015,439.81,439.98,434.95,435.87,0
BXR,05-Jan-2015,202.24,202.24,200.84,201.29,0
BXY,05-Jan-2015,1491.89,1491.89,1469.05,1471.43,0
BZJ,05-Jan-2015,67.49,67.49,64.1,64.38,0
CAC40,05-Jan-2015,4221.99,4276.92,4105.45,4111.36,0
CASE,05-Jan-2015,8942.65,9033.07,8931.8,9011.07,86763048
CELS,05-Jan-2015,225.551,225.668,219.482,220.355,0
CEX,05-Jan-2015,505.58,505.58,491.38,493.15,0
CIV,05-Jan-2015,28.7,28.75,27.82,28.22,0
CKG,05-Jan-2015,493.42,494.62,488.08,489.58,0
COMP,05-Jan-2015,4700.34,4702.77,4641.46,4652.57,0
CPH,05-Jan-2015,261.58,261.58,261.58,261.58,0
CPR,05-Jan-2015,2.814,2.827,2.744,2.766,24535
CRXR,05-Jan-2015,1063.74,1063.74,1063.74,1063.74,0
CSO,05-Jan-2015,1055.61,1055.61,1055.61,1055.61,0
CVK,05-Jan-2015,469.46,469.46,461.78,463.45,0
CYM,05-Jan-2015,22.42,22.42,21.86,21.91,0
CYO,05-Jan-2015,1593.29,1593.29,1593.29,1593.29,0
CZH,05-Jan-2015,266.26,268.35,265.29,266.09,0
DAX,05-Jan-2015,9735.65,9790.27,9468.58,9473.16,0
DCFI,05-Jan-2015,58.46,60,49.23,50.76,0
DCOF,05-Jan-2015,72.3,72.3,66.15,66.15,0
DCOH,05-Jan-2015,76.92,78.46,69.23,69.23,0
DCSE,05-Jan-2015,15771.62,15830.42,15568.1,15570.06,0
DCTH,05-Jan-2015,80,80,78.46,78.46,0
DCTW,05-Jan-2015,52.3,52.3,23.07,24.61,0
DDA,05-Jan-2015,18.41,19.47,18.25,18.72,0
DDB,05-Jan-2015,16.57,18.05,16.57,17.12,0
DDO,05-Jan-2015,140.57,140.57,140.57,140.57,0
DDX,05-Jan-2015,139.47,139.96,136.78,138.06,0
DECA,05-Jan-2015,101,163,101,163,49112000
DECD,05-Jan-2015,15,123,15,121,12902700
DECE,05-Jan-2015,791,1161,791,1161,1238540000
DECN,05-Jan-2015,1748,1817,1565,1763,3205869000
DECQ,05-Jan-2015,1425,1778,1320,1724,1319238000
DECS,05-Jan-2015,413,1111,413,1107,257400200
DECT,05-Jan-2015,3274,3755,3024,3650,4574219000
DECV,05-Jan-2015,103,412,103,397,45377300
DECX,05-Jan-2015,516,1522,516,1504,302777500
DFI,05-Jan-2015,2848.81,2850.67,2799.85,2813.43,0
DGE,05-Jan-2015,1000.15,1001.77,992.42,995.27,0
DHC,05-Jan-2015,4988.51,4988.51,4903.08,4921.69,0
DHD,05-Jan-2015,1208.13,1208.23,1182.36,1182.94,0
DIFI,05-Jan-2015,56.66,60,46.66,46.66,0
DIOF,05-Jan-2015,66.66,66.66,60,60,0
DIOH,05-Jan-2015,66.66,70,63.33,66.66,0
DITH,05-Jan-2015,73.33,73.33,70,70,0
DITW,05-Jan-2015,43.33,43.33,10,13.33,0
DIVD,05-Jan-2015,1.36,1.36,1.36,1.36,0
DJC,05-Jan-2015,6466.68,6466.68,6335.17,6344.01,0
DJEC,05-Jan-2015,495.83,496.41,485.08,487.22,0
DJI,05-Jan-2015,17821.3,17821.3,17475.93,17501.65,116161200
DJT,05-Jan-2015,9080.38,9082.62,8846.86,8856.76,18109900
DJU,05-Jan-2015,621.61,622.3,611.79,614.08,14120200
DJWO,05-Jan-2015,319.19,319.49,313.96,314.24,0
DLTC,05-Jan-2015,989.61,991.19,975.69,978.09,0
DMT,05-Jan-2015,9082.41,9082.41,8847.41,8856.76,0
DOI,05-Jan-2015,2802.08,2802.08,2802.08,2802.08,0
DOWE,05-Jan-2015,1771.87,1782.53,1718.53,1721.87,0
DOWV,05-Jan-2015,191.85,192.74,191.72,192.7,0
DRCI,05-Jan-2015,247.42,249.19,246.46,248.65,0
DREI,05-Jan-2015,331.3,333.91,330.04,333.18,0
DRG,05-Jan-2015,531.88,532.95,528.42,529.58,0
DRO,05-Jan-2015,543.57,543.57,543.57,543.57,0
DSAE,05-Jan-2015,837.48,837.88,821.76,824.12,8039400
DSAF,05-Jan-2015,905.53,905.53,886.3,888.2,1590400
DSAG,05-Jan-2015,185.48,185.48,180.33,180.78,7014800
DSAI,05-Jan-2015,379.06,379.06,371.39,372.54,4971000
DSAL,05-Jan-2015,131.66,131.66,123.45,124.03,3787200
DSAM,05-Jan-2015,924.98,928.57,921.05,922.19,14719800
DSAP,05-Jan-2015,322.32,322.32,312.68,313.39,19266800
DSAR,05-Jan-2015,260.45,261.8,255.03,256.92,10491700
DSAS,05-Jan-2015,899.65,899.86,885.57,887.99,5125800
DSAT,05-Jan-2015,434.85,434.85,422.56,423.2,4041200
DSAU,05-Jan-2015,210.8,210.8,203.58,204.59,13934000
DSAV,05-Jan-2015,589.06,589.06,574.1,575.74,2010500
DSBC,05-Jan-2015,1098.51,1098.51,1074.34,1076.35,28231100
DSBD,05-Jan-2015,601.94,601.94,590.16,592.3,3642400
DSBE,05-Jan-2015,140.6,140.95,137.79,138.84,818300
DSBK,05-Jan-2015,329.89,329.89,319.72,320.52,77596400
DSBM,05-Jan-2015,333.38,333.38,322.71,323.85,32769500
DSBS,05-Jan-2015,170.75,170.75,163.44,164.28,20806400
DSBT,05-Jan-2015,1841.6,1861.66,1823.57,1840.5,25698700
DSBV,05-Jan-2015,573.5,579.14,572.59,572.61,11994600
DSCA,05-Jan-2015,742.27,742.27,723.6,727.18,3315000
DSCC,05-Jan-2015,381.5,381.5,367.85,369.31,7345200
DSCE,05-Jan-2015,855.7,855.7,802.31,806.75,926600
DSCF,05-Jan-2015,363.22,363.22,354.6,355.88,5196800
DSCG,05-Jan-2015,862.09,862.2,845.8,847.9,29440500
DSCH,05-Jan-2015,529.49,529.49,514.07,515.78,11963000
DSCL,05-Jan-2015,95.26,95.26,88.75,89.31,3615300
DSCM,05-Jan-2015,500.25,501.94,495.66,496.19,3458800
DSCN,05-Jan-2015,498.92,498.92,486.85,488.5,6126900
DSCP,05-Jan-2015,313.7,313.7,307.49,309.03,3630000
DSCR,05-Jan-2015,1604.54,1608.65,1566.13,1576.4,31206900
DSCS,05-Jan-2015,1030.99,1030.99,1017.45,1021.21,5251200
DSCT,05-Jan-2015,874.61,876.13,866.69,868.95,23588800
DSCX,05-Jan-2015,823.47,823.47,805.42,807.72,4617800
DSCY,05-Jan-2015,691.21,691.21,678.98,680.39,117075200
DSDB,05-Jan-2015,786.59,789.89,781.16,781.8,323200
DSDN,05-Jan-2015,255.66,255.94,249.52,250.4,2913500
DSDR,05-Jan-2015,658.1,658.56,652.44,653.63,14071100
DSDS,05-Jan-2015,295.75,295.75,287.86,288.66,1168300
DSDT,05-Jan-2015,101.17,101.4,100.42,101.09,1685400
DSDV,05-Jan-2015,129.05,129.32,127,127.25,4109100
DSEC,05-Jan-2015,264.06,264.06,258.66,259.13,2314000
DSEE,05-Jan-2015,280.85,280.85,275.13,275.84,7285000
DSEH,05-Jan-2015,90.35,90.35,88.14,88.43,456800
DSEN,05-Jan-2015,670.56,670.56,640.13,643.09,103661500
DSES,05-Jan-2015,169.23,169.23,164.7,165.35,920100
DSEU,05-Jan-2015,226.34,226.56,222.63,223.53,20726800
DSFA,05-Jan-2015,263.98,264.83,259.81,260.59,6711700
DSFB,05-Jan-2015,497.69,499.26,492.71,492.99,26302400
DSFC,05-Jan-2015,165.28,165.36,163.61,163.63,18111200
DSFD,05-Jan-2015,308.71,309.1,305.05,306.05,5680200
DSFE,05-Jan-2015,425.23,425.23,411.06,411.92,6170700
DSFH,05-Jan-2015,332.31,332.31,327.65,329.05,759800
DSFI,05-Jan-2015,685.11,685.11,667.96,669.59,26795900
DSFN,05-Jan-2015,448.76,448.76,439.84,440.63,166240600
DSFO,05-Jan-2015,331.77,331.77,325.16,325.74,14307800
DSFP,05-Jan-2015,459.05,459.05,449.91,450.71,14307800
DSFR,05-Jan-2015,209.78,209.78,205.73,206.46,1288800
DSFT,05-Jan-2015,911.25,911.37,894.8,898.44,1817900
DSFV,05-Jan-2015,454.71,454.71,441.87,442.97,0
DSGF,05-Jan-2015,768.08,768.08,748.81,750.65,26795900
DSGI,05-Jan-2015,439.45,439.45,429.29,430.52,18450800
DSGT,05-Jan-2015,715.78,715.78,705.31,707.17,40773100
DSGU,05-Jan-2015,214.05,214.05,209.35,210.05,2098100
DSHB,05-Jan-2015,523.06,523.06,515.73,518.7,3733600
DSHC,05-Jan-2015,727.41,730.06,722.95,723.95,76846900
DSHD,05-Jan-2015,266.36,266.36,261.16,261.67,1533100
DSHG,05-Jan-2015,576.13,576.83,571.03,571.79,8806000
DSHI,05-Jan-2015,233.42,233.42,227.63,228.46,4225800
DSHL,05-Jan-2015,140.36,141.04,139.48,140.63,4117600
DSHN,05-Jan-2015,704.38,708.07,699.52,700.84,2779300
DSHP,05-Jan-2015,1139.11,1139.11,1117.83,1122.43,10050500
DSHR,05-Jan-2015,1451.19,1451.19,1384.66,1390.72,8439100
DSHV,05-Jan-2015,415.12,415.12,398.73,400.27,2484500
DSIB,05-Jan-2015,211.14,211.3,209.21,209.89,1317200
DSID,05-Jan-2015,498.35,498.35,486.43,487.76,14820700
DSIF,05-Jan-2015,46.72,46.72,45.58,45.8,2806500
DSIG,05-Jan-2015,552.58,552.58,539.42,540.6,74697900
DSIL,05-Jan-2015,675.03,675.03,652.68,655.72,6751200
DSIM,05-Jan-2015,224.99,224.99,212.23,213.24,13271400
DSIN,05-Jan-2015,515.05,515.05,502.78,503.91,80824800
DSIO,05-Jan-2015,89.98,90.69,89.64,90.49,7772400
DSIP,05-Jan-2015,550.79,550.79,542.19,543.08,7209000
DSIQ,05-Jan-2015,1342.75,1342.75,1289.87,1293.88,14609800
DSIR,05-Jan-2015,456.42,456.42,447.92,448.57,20027500
DSIS,05-Jan-2015,322.78,322.78,317.41,318.17,16117300
DSIT,05-Jan-2015,831.44,831.44,808.19,808.96,10195300
DSIU,05-Jan-2015,187.42,187.42,184.49,184.78,1943300
DSIV,05-Jan-2015,365.29,365.29,359.22,359.79,5075100
DSIX,05-Jan-2015,413.17,413.17,406.68,407.32,13276200
DSLE,05-Jan-2015,374.85,374.85,369.16,370.09,6236200
DSLG,05-Jan-2015,1221.35,1221.35,1181,1185.6,2292600
DSLW,05-Jan-2015,815.73,815.73,801,802.78,0
DSMC,05-Jan-2015,838.33,839.05,829.47,831.52,26781300
DSME,05-Jan-2015,744.94,744.94,728.36,729.73,32790200
DSMF,05-Jan-2015,5.92,5.94,5.79,5.81,2772100
DSMG,05-Jan-2015,72.1,72.25,69.8,70.81,6246200
DSMR,05-Jan-2015,61.1,61.13,60.6,60.74,7631600
DSMS,05-Jan-2015,622.22,623.8,616.39,618.04,2010900
DSMT,05-Jan-2015,267.62,267.62,260.8,262.04,115400
DSMU,05-Jan-2015,178.27,178.27,174.96,175.6,4125900
DSNC,05-Jan-2015,521.88,521.88,515.03,515.6,76044700
DSNF,05-Jan-2015,312.95,312.95,291.82,294.34,4046600
DSNG,05-Jan-2015,631.82,631.82,624.75,625.77,30475400
DSNS,05-Jan-2015,832.55,835.58,819.2,821.9,20617700
DSOE,05-Jan-2015,187.43,187.82,184.18,185.73,604500
DSOG,05-Jan-2015,678.06,678.06,646.05,648.74,64719500
DSOI,05-Jan-2015,555.2,555.2,531.58,536.18,30687400
DSOL,05-Jan-2015,618.5,618.5,594.01,598.26,10056100
DSOQ,05-Jan-2015,662.83,662.83,635.83,639.79,37047800
DSOS,05-Jan-2015,788.01,788.01,740.11,743.77,54663400
DSPB,05-Jan-2015,288.71,288.71,281.48,282.1,2548600
DSPC,05-Jan-2015,184.13,184.13,181.83,182.09,2343600
DSPG,05-Jan-2015,526.87,526.87,518.25,519.54,10473600
DSPL,05-Jan-2015,982.29,982.29,945.23,947.16,6360300
DSPM,05-Jan-2015,47.59,48.24,46.66,48.14,2233300
DSPN,05-Jan-2015,686.02,689.59,681.11,683.97,50065500
DSPP,05-Jan-2015,173.38,173.38,170.04,170.64,1288800
DSPR,05-Jan-2015,486.22,487.41,483.29,483.89,24366800
DSPT,05-Jan-2015,60.57,60.57,58.46,59.19,337800
DSRA,05-Jan-2015,842.04,842.85,834.95,837.36,8317700
DSRB,05-Jan-2015,670.03,671.48,662.09,663.62,7497200
DSRD,05-Jan-2015,1258.55,1260.25,1249.24,1251.26,8390800
DSRE,05-Jan-2015,304.53,306.03,302.95,305.34,41820700
DSRH,05-Jan-2015,376.38,376.38,366.82,367.97,1377000
DSRI,05-Jan-2015,125.9,126.66,125.26,126.37,40443600
DSRL,05-Jan-2015,126.77,127.99,126.1,127.67,7005500
DSRN,05-Jan-2015,165.45,166.89,164.82,166.56,2810000
DSRP,05-Jan-2015,301.62,301.62,297.76,299.44,503400
DSRQ,05-Jan-2015,114.38,114.76,112.8,113.22,2268100
DSRR,05-Jan-2015,1511.22,1511.22,1462.15,1463.28,4261000
DSRS,05-Jan-2015,909.89,909.89,895.76,898.16,15481000
DSRT,05-Jan-2015,749.79,749.79,740.21,741.85,54844300
DSRU,05-Jan-2015,985.14,987.69,975.18,976.44,6814500
DSSB,05-Jan-2015,808.96,808.96,788.48,791.7,7568200
DSSC,05-Jan-2015,1927.05,1934.28,1901.19,1901.41,46102900
DSSD,05-Jan-2015,536.36,542.08,534.92,535.05,11118300
DSSF,05-Jan-2015,185.55,185.55,180.94,181.29,8426800
DSSP,05-Jan-2015,121.69,121.69,119.39,119.82,1013800
DSSR,05-Jan-2015,168.52,169.24,167.57,168.83,9420900
DSST,05-Jan-2015,210.29,210.29,199.43,200.75,5437400
DSSV,05-Jan-2015,1233.2,1234.55,1218.39,1220.6,60672300
DSSW,05-Jan-2015,1114.07,1116.92,1105.34,1106.92,35945400
DSTB,05-Jan-2015,618.02,618.02,610.73,613.93,4959400
DSTC,05-Jan-2015,1066.27,1067.51,1050.99,1053.56,162175600
DSTK,05-Jan-2015,561.87,561.87,543.23,543.77,3888300
DSTL,05-Jan-2015,161.78,161.8,160.06,160.09,23168200
DSTP,05-Jan-2015,498.18,498.18,489.15,489.96,0
DSTQ,05-Jan-2015,988.29,990.79,971.17,974.53,101503200
DSTR,05-Jan-2015,99.57,99.72,97.14,98.04,1291500
DSTS,05-Jan-2015,248.58,248.58,240.75,241.61,340100
DSTT,05-Jan-2015,532.31,532.31,510.87,513.92,4258400
DSTY,05-Jan-2015,477.89,478.18,473.32,474.83,4806100
DSUO,05-Jan-2015,233.41,233.41,228.89,229.68,6499800
DSUT,05-Jan-2015,235.66,235.72,231.6,232.48,27226700
DSVE,05-Jan-2015,226.62,226.83,222.9,223.8,20726800
DSVN,05-Jan-2015,240.29,243.68,239.08,242.79,553000
DSWC,05-Jan-2015,225.54,225.54,220.95,221.75,5056900
DSWU,05-Jan-2015,1303.85,1304.52,1278.83,1282.08,275600
DTCI,05-Jan-2015,1244.2,1250.62,1236.92,1247.93,0
DTEI,05-Jan-2015,1488.29,1497.09,1479.74,1493.8,0
DTFI,05-Jan-2015,45,45,35,40,0
DTFX,05-Jan-2015,128.57,128.91,128.16,128.62,0
DTOF,05-Jan-2015,75,75,65,65,0
DTOH,05-Jan-2015,90,90,65,65,0
DTTH,05-Jan-2015,90,90,90,90,0
DTTW,05-Jan-2015,45,45,20,20,0
DTWC,05-Jan-2015,13143.06,13143.06,12863.42,12881.38,0
DTWI,05-Jan-2015,35677.82,35677.82,34963.64,35014.91,0
DTWT,05-Jan-2015,13626.62,13626.62,13249.13,13263.86,0
DTWU,05-Jan-2015,2314.61,2317.14,2278.05,2286.57,0
DUBS,05-Jan-2015,104.21,104.39,103.74,103.87,0
DUFI,05-Jan-2015,80,80,66.66,73.33,0
DUOF,05-Jan-2015,80,80,80,80,0
DUOH,05-Jan-2015,80,80,80,80,0
DUSL,05-Jan-2015,432.34,432.34,424.6,425.26,0
DUSM,05-Jan-2015,797.15,797.15,782.31,784.04,0
DUSS,05-Jan-2015,861.73,861.73,847.48,849.81,0
DUTH,05-Jan-2015,80,80,80,80,0
DUTW,05-Jan-2015,80,80,53.33,53.33,0
DVAA,05-Jan-2015,22.7,22.7,22.7,22.7,0
DVAB,05-Jan-2015,43.26,43.26,43.26,43.26,0
DVCA,05-Jan-2015,2.67,49.11,2.67,49.11,0
DVCD,05-Jan-2015,0.11,55.35,0.11,12.9,0
DVCE,05-Jan-2015,43.2,1238.54,43.2,1238.54,0
DVCN,05-Jan-2015,104.37,3205.86,104.37,3205.86,0
DVCQ,05-Jan-2015,55.56,1331.19,55.56,1319.23,0
DVCS,05-Jan-2015,6.99,257.41,6.99,257.4,0
DVCT,05-Jan-2015,162.61,4574.21,162.61,4574.21,0
DVCV,05-Jan-2015,3.05,47.7,3.05,45.37,0
DVCX,05-Jan-2015,10.05,302.78,10.05,302.77,0
DVDE,05-Jan-2015,111.81,111.81,111.81,111.81,0
DVJN,05-Jan-2015,106.97,106.97,106.97,106.97,0
DVMR,05-Jan-2015,105.86,105.86,105.86,105.86,0
DVS,05-Jan-2015,13.6,15,13.6,15,0
DVST,05-Jan-2015,107.95,107.95,107.95,107.95,0
DWC,05-Jan-2015,21665.311,21665.311,21233.561,21269.061,0
DWCB,05-Jan-2015,3899.46,3899.46,3786.28,3794.91,0
DWE,05-Jan-2015,5300.78,5300.78,5033.42,5069.88,0
DWJ,05-Jan-2015,2937.35,2937.35,2900.32,2905.13,0
DWO,05-Jan-2015,2393.46,2393.46,2284.65,2300.16,0
DWR,05-Jan-2015,5078.58,5080.85,5006.8,5021.68,0
DWU,05-Jan-2015,2812.44,2813.97,2763.71,2771.98,0
DWY,05-Jan-2015,2810.68,2810.68,2756.94,2762.38,0
DXG,05-Jan-2015,3959.26,3959.26,3959.26,3959.26,0
DXS,05-Jan-2015,3971.12,3974.35,3900.14,3914.98,0
DXY,05-Jan-2015,91.45,91.77,91.23,91.4,0
DYH,05-Jan-2015,3473,3473,3400.22,3408.26,0
DYI,05-Jan-2015,2975.8,2975.8,2914.09,2923.47,0
DYO,05-Jan-2015,3248.71,3248.71,3204.69,3212.46,0
DZC,05-Jan-2015,4858.16,4867.36,4798.34,4803.11,0
DZE,05-Jan-2015,2436.05,2440.54,2394.15,2397.6,0
DZF,05-Jan-2015,3240,3240,3201.55,3210.77,0
DZH,05-Jan-2015,2780.49,2784.84,2723.53,2736.24,0
DZL,05-Jan-2015,4709.29,4709.29,4623.99,4643.15,0
DZM,05-Jan-2015,2635.21,2635.21,2584.53,2592.86,0
DZN,05-Jan-2015,3421.79,3436.88,3389.79,3401.7,0
DZO,05-Jan-2015,5587.59,5681.79,5565.3,5604.22,0
DZR,05-Jan-2015,6001.61,6038.97,5965.87,5978.46,0
ECO,05-Jan-2015,54.96,54.96,53.35,53.6,0
EED,05-Jan-2015,28.65,28.68,28.18,28.22,0
EMX,05-Jan-2015,147.56,147.62,145.59,145.74,0
EPX,05-Jan-2015,346.52,346.52,323.73,325.51,0
ESX,05-Jan-2015,140.34,140.4,138.01,138.16,0
EUX,05-Jan-2015,149.93,149.97,148.56,148.66,0
EVZ,05-Jan-2015,9.83,10.22,9.83,10.01,0
EZB,05-Jan-2015,4609.95,4609.95,4500.91,4518.31,0
EZF,05-Jan-2015,2276.2,2276.2,2241.68,2247.03,0
EZK,05-Jan-2015,4682.59,4682.59,4479.28,4499.98,0
EZL,05-Jan-2015,5207.14,5207.14,5082.37,5095.86,0
EZS,05-Jan-2015,3309.19,3309.52,3271.64,3277.2,0
EZV,05-Jan-2015,2882.86,2882.86,2836.47,2841.56,0
EZX,05-Jan-2015,5426.81,5455.95,5389.26,5413.9,0
EZZ,05-Jan-2015,3850.48,3850.48,3786.79,3799.83,0
FBV,05-Jan-2015,25.31,25.4,25.3,25.31,0
FTSA,05-Jan-2015,3585.67,3601.78,3514.65,3520.88,0
FTSE,05-Jan-2015,6547.8,6576.74,6404.49,6417.16,0
FTSM,05-Jan-2015,16051.96,16141.37,15910.47,15921.68,0
FVX,05-Jan-2015,1.61,1.62,1.56,1.56,0
GDM,05-Jan-2015,529.22,539.46,521.54,538.77,0
GLD,05-Jan-2015,1187.88,1207.28,1178.08,1204.48,128663
GLI,05-Jan-2015,103.3,103.3,102.06,102.13,0
GMI,05-Jan-2015,18.93,19.44,18.77,19.42,0
GNX,05-Jan-2015,414.95,414.95,403.76,404.6,0
GVX,05-Jan-2015,20.14,20.46,19.77,20.29,0
GVZ,05-Jan-2015,20.23,21.32,20.18,21.26,0
GWI,05-Jan-2015,179.31,179.43,176.98,177.37,0
HGX,05-Jan-2015,214.13,214.2,211.58,212.51,0
HIGA,05-Jan-2015,2,2,2,2,0
HIGD,05-Jan-2015,11,11,11,11,0
HIGN,05-Jan-2015,41,41,41,41,0
HIGQ,05-Jan-2015,48,48,48,48,0
HIGS,05-Jan-2015,224,224,224,224,0
HIGV,05-Jan-2015,68,68,68,68,0
HKO,05-Jan-2015,448.4,448.4,448.4,448.4,0
HKX,05-Jan-2015,1125.4,1125.4,1125.4,1125.4,0
HMV,05-Jan-2015,3507.46,3507.46,3507.46,3507.46,0
HSI,05-Jan-2015,23699.19,23998.87,23655.52,23721.32,0
HUI,05-Jan-2015,169.09,172.36,166.41,172.2,0
HUV,05-Jan-2015,166.3,166.3,166.3,166.3,0
HVX,05-Jan-2015,65.97,65.97,64.53,64.74,0
HWI,05-Jan-2015,677.6,679.04,665.45,668.3,0
HWO,05-Jan-2015,690.68,690.68,690.68,690.68,0
ICK,05-Jan-2015,70.95,71.05,70.23,70.53,0
IDX,05-Jan-2015,1447.69,1447.69,1425.49,1428.48,108261400
IEB,05-Jan-2015,2990.03,2990.03,2939.51,2943.9,0
IEK,05-Jan-2015,3465.58,3465.58,3399.78,3406.99,0
IEY,05-Jan-2015,3726.21,3726.21,3656.22,3666.65,0
IIB,05-Jan-2015,8.12,8.15,7.98,7.99,0
ILH,05-Jan-2015,2668.18,2668.18,2622.67,2626.57,0
ILJ,05-Jan-2015,3954.13,3954.13,3881.15,3888.43,0
ILK,05-Jan-2015,3634.2,3634.2,3563.08,3575.26,0
ILP,05-Jan-2015,3160.86,3160.86,3105.75,3111.43,0
ILR,05-Jan-2015,3904.44,3904.44,3822.69,3835.81,0
ILU,05-Jan-2015,3779.17,3779.17,3710.57,3717.65,0
ILW,05-Jan-2015,3041.74,3041.74,2991.34,2996.16,0
ILZ,05-Jan-2015,3524.57,3524.57,3470.9,3478.03,0
INDS,05-Jan-2015,3757.994,3759.741,3694.158,3704.034,0
INSR,05-Jan-2015,6679.702,6684.814,6604.071,6606.691,0
IPSA,05-Jan-2015,3852.11,3859.12,3793.9,3797.99,0
IQX,05-Jan-2015,3250.41,3250.41,3178.03,3184.5,0
IQZ,05-Jan-2015,8197.8,8197.8,8072.31,8092.16,0
IRX,05-Jan-2015,0.01,0.01,0.01,0.01,0
IUX,05-Jan-2015,1192.36,1194.22,1177.46,1181.35,0
IVX,05-Jan-2015,927.33,927.33,906.66,908.45,0
IXB,05-Jan-2015,516.01,516.01,500.71,502.43,0
IXCO,05-Jan-2015,2431.503,2437.795,2396.524,2403.243,0
IXE,05-Jan-2015,798.48,798.48,761.92,764.96,0
IXF,05-Jan-2015,3108.496,3108.666,3057.554,3060.308,0
IXHC,05-Jan-2015,704.28,714.71,701.86,706.47,0
IXI,05-Jan-2015,565.69,565.69,551.67,552.8,0
IXM,05-Jan-2015,246.97,246.97,241.43,241.96,0
IXR,05-Jan-2015,485.41,486.15,481.45,482.11,0
IXT,05-Jan-2015,412.6,412.68,406.77,407.55,0
IXTC,05-Jan-2015,267.227,268.572,264.415,265.104,0
IXU,05-Jan-2015,480.69,481.19,472.62,474.52,0
IXV,05-Jan-2015,689,691.84,684.91,685.84,0
IXY,05-Jan-2015,719.29,719.29,705.04,706.5,0
JBV,05-Jan-2015,92.07,92.07,89.97,90.25,0
JKC,05-Jan-2015,141.76,142.25,140.55,140.73,0
JKSE,05-Jan-2015,5229.684,5233.66,5206.285,5219.995,0
JPN,05-Jan-2015,181.31,181.31,181.31,181.31,0
JPV,05-Jan-2015,182.88,182.88,182.88,182.88,0
JX,05-Jan-2015,700.46,705.01,690.58,693.99,52144800
KBK,05-Jan-2015,106.65,106.65,105.68,105.92,0
KDY,05-Jan-2015,439.28,439.28,439.28,439.28,0
KFX,05-Jan-2015,754.638,756.712,746.058,748.856,0
KIX,05-Jan-2015,204.84,204.84,200.62,201.16,0
KLX,05-Jan-2015,35.05,35.05,33.45,33.64,0
KRX,05-Jan-2015,78,78,76.24,76.27,0
KS11,05-Jan-2015,1921.96,1921.96,1903.37,1915.75,313442
KSX,05-Jan-2015,293.87,293.87,287.47,288.47,0
LOWA,05-Jan-2015,6,6,6,6,0
LOWD,05-Jan-2015,4,4,4,4,0
LOWN,05-Jan-2015,61,61,61,61,0
LOWQ,05-Jan-2015,28,28,28,28,0
LOWS,05-Jan-2015,262,262,262,262,0
LOWV,05-Jan-2015,3,3,3,3,0
M1HA,05-Jan-2015,37,37,37,37,0
M1HD,05-Jan-2015,14,14,14,14,0
M1HE,05-Jan-2015,82,82,82,82,0
M1HH,05-Jan-2015,202,202,202,202,0
M1HL,05-Jan-2015,168,168,168,168,0
M1HN,05-Jan-2015,113,113,113,113,0
M1HQ,05-Jan-2015,220,220,220,220,0
M1HU,05-Jan-2015,117,117,117,117,0
M1HV,05-Jan-2015,253,253,253,253,0
M1HX,05-Jan-2015,370,370,370,370,0
M1LA,05-Jan-2015,22,22,22,22,0
M1LD,05-Jan-2015,11,11,11,11,0
M1LE,05-Jan-2015,245,245,245,245,0
M1LH,05-Jan-2015,270,270,270,270,0
M1LL,05-Jan-2015,136,136,136,136,0
M1LN,05-Jan-2015,187,187,187,187,0
M1LP,05-Jan-2015,2,2,2,2,0
M1LQ,05-Jan-2015,197,197,197,197,0
M1LU,05-Jan-2015,128,128,128,128,0
M1LV,05-Jan-2015,278,278,278,278,0
M1LX,05-Jan-2015,406,406,406,406,0
M3HA,05-Jan-2015,18,18,18,18,0
M3HD,05-Jan-2015,4,4,4,4,0
M3HE,05-Jan-2015,35,35,35,35,0
M3HH,05-Jan-2015,133,133,133,133,0
M3HL,05-Jan-2015,72,72,72,72,0
M3HN,05-Jan-2015,65,65,65,65,0
M3HQ,05-Jan-2015,122,122,122,122,0
M3HU,05-Jan-2015,62,62,62,62,0
M3HV,05-Jan-2015,143,143,143,143,0
M3HX,05-Jan-2015,205,205,205,205,0
M3LA,05-Jan-2015,15,15,15,15,0
M3LD,05-Jan-2015,5,5,5,5,0
M3LE,05-Jan-2015,134,134,134,134,0
M3LH,05-Jan-2015,85,85,85,85,0
M3LL,05-Jan-2015,80,80,80,80,0
M3LN,05-Jan-2015,85,85,85,85,0
M3LP,05-Jan-2015,1,1,1,1,0
M3LQ,05-Jan-2015,65,65,65,65,0
M3LU,05-Jan-2015,53,53,53,53,0
M3LV,05-Jan-2015,112,112,112,112,0
M3LX,05-Jan-2015,165,165,165,165,0
M6HA,05-Jan-2015,6,6,6,6,0
M6HD,05-Jan-2015,4,4,4,4,0
M6HE,05-Jan-2015,30,30,30,30,0
M6HH,05-Jan-2015,95,95,95,95,0
M6HL,05-Jan-2015,26,26,26,26,0
M6HN,05-Jan-2015,46,46,46,46,0
M6HQ,05-Jan-2015,69,69,69,69,0
M6HU,05-Jan-2015,29,29,29,29,0
M6HV,05-Jan-2015,92,92,92,92,0
M6HX,05-Jan-2015,121,121,121,121,0
M6LA,05-Jan-2015,14,14,14,14,0
M6LD,05-Jan-2015,3,3,3,3,0
M6LE,05-Jan-2015,125,125,125,125,0
M6LH,05-Jan-2015,71,71,71,71,0
M6LL,05-Jan-2015,76,76,76,76,0
M6LN,05-Jan-2015,81,81,81,81,0
M6LP,05-Jan-2015,1,1,1,1,0
M6LQ,05-Jan-2015,52,52,52,52,0
M6LU,05-Jan-2015,45,45,45,45,0
M6LV,05-Jan-2015,102,102,102,102,0
M6LX,05-Jan-2015,147,147,147,147,0
MAHA,05-Jan-2015,3,3,3,3,0
MAHD,05-Jan-2015,4,4,4,4,0
MAHE,05-Jan-2015,28,28,28,28,0
MAHH,05-Jan-2015,71,71,71,71,0
MAHL,05-Jan-2015,9,9,9,9,0
MAHN,05-Jan-2015,40,40,40,40,0
MAHQ,05-Jan-2015,37,37,37,37,0
MAHU,05-Jan-2015,18,18,18,18,0
MAHV,05-Jan-2015,62,62,62,62,0
MAHX,05-Jan-2015,80,80,80,80,0
MALA,05-Jan-2015,12,12,12,12,0
MALE,05-Jan-2015,109,109,109,109,0
MALH,05-Jan-2015,51,51,51,51,0
MALL,05-Jan-2015,63,63,63,63,0
MALN,05-Jan-2015,64,64,64,64,0
MALQ,05-Jan-2015,38,38,38,38,0
MALU,05-Jan-2015,32,32,32,32,0
MALV,05-Jan-2015,82,82,82,82,0
MALX,05-Jan-2015,114,114,114,114,0
MBO,05-Jan-2015,2328.26,2345.38,2322.99,2326.51,0
MDO,05-Jan-2015,1455.48,1455.48,1455.48,1455.48,0
MERV,05-Jan-2015,8557.54,8557.54,8097.4,8123.7,0
MEV,05-Jan-2015,246.99,246.99,246.99,246.99,0
MFX,05-Jan-2015,34.46,34.46,33.95,34.1,0
MGD,05-Jan-2015,646.43,646.43,639.82,641.02,0
MIA,05-Jan-2015,1455.48,1455.48,1455.48,1455.48,0
MID,05-Jan-2015,1446.03,1446.03,1425.49,1428.48,0
MIH,05-Jan-2015,1455.48,1455.48,1455.48,1455.48,0
MIV,05-Jan-2015,1459.65,1459.65,1459.65,1459.65,0
MLO,05-Jan-2015,652.71,652.8,643.4,645.24,0
MMFI,05-Jan-2015,55.14,55.14,46.28,47.87,0
MMOF,05-Jan-2015,55.27,55.27,52.05,52.63,0
MMOH,05-Jan-2015,58.05,58.05,53.76,54.67,0
MMTH,05-Jan-2015,55.27,55.27,52.18,52.58,0
MMTW,05-Jan-2015,54.55,54.55,39.65,42.3,0
MNG,05-Jan-2015,73.17,73.17,69.82,69.91,0
MOY,05-Jan-2015,59.43,59.43,59.43,59.43,0
MSH,05-Jan-2015,1010.06,1010.06,993.98,996.27,0
MTFI,05-Jan-2015,37.5,37.5,17.64,33.33,0
MTOF,05-Jan-2015,25,26.66,18.18,25,0
MTOH,05-Jan-2015,25,37.5,22.72,37.5,0
MTTH,05-Jan-2015,37.5,37.5,30.76,33.33,0
MTTW,05-Jan-2015,62.5,62.5,45.45,62.5,0
MUV,05-Jan-2015,508.08,508.08,499.2,500.37,0
MVH,05-Jan-2015,1016.62,1016.62,1016.62,1016.62,0
MXX,05-Jan-2015,42134.66,42147.961,40824.93,41099.371,219712560
MXY,05-Jan-2015,241.14,241.15,235.06,236.24,0
MYHA,05-Jan-2015,152,152,152,152,0
MYHD,05-Jan-2015,64,64,64,64,0
MYHE,05-Jan-2015,374,374,374,374,0
MYHH,05-Jan-2015,744,744,744,744,0
MYHL,05-Jan-2015,736,736,736,736,0
MYHN,05-Jan-2015,487,487,487,487,0
MYHP,05-Jan-2015,11,11,11,11,0
MYHQ,05-Jan-2015,841,841,841,841,0
MYHU,05-Jan-2015,604,604,604,604,0
MYHV,05-Jan-2015,876,876,876,876,0
MYHX,05-Jan-2015,1480,1480,1480,1480,0
MYLA,05-Jan-2015,149,149,149,149,0
MYLD,05-Jan-2015,61,61,61,61,0
MYLE,05-Jan-2015,1058,1058,1058,1058,0
MYLH,05-Jan-2015,2451,2451,2451,2451,0
MYLL,05-Jan-2015,882,882,882,882,0
MYLN,05-Jan-2015,1605,1605,1605,1605,0
MYLP,05-Jan-2015,77,77,77,77,0
MYLQ,05-Jan-2015,1579,1579,1579,1579,0
MYLU,05-Jan-2015,973,973,973,973,0
MYLV,05-Jan-2015,2360,2360,2360,2360,0
MYLX,05-Jan-2015,3333,3333,3333,3333,0
NAST,05-Jan-2015,3934.59,3935.3,3854.53,3866.6,0
NBI,05-Jan-2015,3188.02,3236.32,3178.73,3199.56,0
NBZ,05-Jan-2015,3270.48,3270.48,3270.48,3270.48,0
NDFI,05-Jan-2015,61.61,61.61,49.49,52.52,0
NDOF,05-Jan-2015,75.75,75.75,68.68,69.69,0
NDOH,05-Jan-2015,75.75,75.75,71.71,71.71,0
NDTH,05-Jan-2015,80.8,80.8,77.77,77.77,0
NDTW,05-Jan-2015,35.35,35.35,16.16,16.16,0
NDX,05-Jan-2015,4206.554,4210.962,4151.849,4160.964,0
NDXT,05-Jan-2015,2354.9,2359.2,2321.57,2327.11,0
NDXX,05-Jan-2015,2328.49,2329.54,2294.14,2298.6,0
NDY,05-Jan-2015,4206.55,4210.96,4151.85,4160.96,0
NEX,05-Jan-2015,178.58,178.58,176.09,176.27,0
NFA,05-Jan-2015,49.02,49.03,47.94,48.12,0
NGV,05-Jan-2015,737.97,737.97,737.97,737.97,0
NI225,05-Jan-2015,17325.68,17540.92,17219.22,17408.71,0
NNY,05-Jan-2015,8489.647,8489.647,8353.536,8366.378,0
NNYE,05-Jan-2015,12359.649,12359.649,11953.611,12002.688,0
NNYI,05-Jan-2015,5235.09,5235.09,5142.691,5158.1,0
NNYK,05-Jan-2015,6665.786,6665.786,6553.032,6568.72,0
NNYL,05-Jan-2015,7201.003,7201.003,7083.861,7095.992,0
NNYP,05-Jan-2015,11960.47,11969.558,11872.817,11888.938,0
NNYY,05-Jan-2015,7452.228,7452.228,7347.212,7356.24,0
NQGM,05-Jan-2015,1717.71,1737.09,1711.61,1716.9,0
NQGS,05-Jan-2015,2194.72,2195.84,2166.76,2171.96,0
NSEI,05-Jan-2015,8407.95,8445.6,8363.9,8378.4,0
NSHD,05-Jan-2015,23,2514,23,2448,0
NSHF,05-Jan-2015,-20,-20,-1856,-1718,0
NSHR,05-Jan-2015,0.13,0.36,0.13,0.29,0
NSHU,05-Jan-2015,3,811,3,730,0
NVLD,05-Jan-2015,0.83,2532.69,0.83,2532.69,0
NVLF,05-Jan-2015,-0.83,-0.83,-2124.57,-2124.57,0
NVLR,05-Jan-2015,0.11,0.23,0.09,0.16,0
NVLU,05-Jan-2015,0.62,436.77,0.62,408.12,0
NVOT,05-Jan-2015,39394.262,3804381.5,39394.262,3804381.5,0
NWV,05-Jan-2015,357.24,357.24,357.24,357.24,0
NWX,05-Jan-2015,354.81,356.01,349.83,351.96,0
NXTQ,05-Jan-2015,305.62,305.92,302.03,303.17,0
NYA,05-Jan-2015,10764.368,10764.368,10588.045,10607.68,0
NYI,05-Jan-2015,5235.09,5235.09,5142.691,5158.1,0
NYL,05-Jan-2015,7201.003,7201.003,7083.861,7095.992,0
NZ50,05-Jan-2015,5602.601,5602.601,5557.428,5571.599,0
OEX,05-Jan-2015,905.57,905.57,889.82,891.04,316170500
OFIN,05-Jan-2015,5640.084,5641.546,5568.724,5585.754,0
OILBR,05-Jan-2015,56.42,56.42,56.42,56.42,425
OILSW,05-Jan-2015,52.61,52.61,50.03,50.03,446248
OIV,05-Jan-2015,58.72,60.58,57.45,58.08,0
OMX,05-Jan-2015,1460.885,1467.694,1453.532,1454.811,0
ONE,05-Jan-2015,905.57,905.57,889.82,891.04,0
OOI,05-Jan-2015,1522.63,1522.65,1502.82,1503.98,0
OSX,05-Jan-2015,210.34,210.34,201.36,202.52,0
OVX,05-Jan-2015,54.25,59.25,54.25,57.67,0
PHN,05-Jan-2015,28.03,28.14,27.88,27.93,0
PLD,05-Jan-2015,800.25,805.1,792.05,793.2,2268
PLT,05-Jan-2015,1203.8,1219,1197.8,1210.9,7179
POQ,05-Jan-2015,90.4,90.66,90.31,90.35,0
QSHD,05-Jan-2015,6,2007,6,1957,0
QSHF,05-Jan-2015,-2,-2,-1279,-1159,0
QSHR,05-Jan-2015,0.66,0.73,0.3,0.4,0
QSHU,05-Jan-2015,4,1109,4,798,0
QVLD,05-Jan-2015,4.39,1290.32,4.39,1290.32,0
QVLF,05-Jan-2015,1.41,1.41,-967.69,-967.69,0
QVLR,05-Jan-2015,343.13,343.13,0.23,0.25,0
QVLU,05-Jan-2015,1.42,348.9,1.42,322.63,0
R1FI,05-Jan-2015,58.11,58.11,44.25,46.83,0
R1OF,05-Jan-2015,65.04,65.04,59.2,60,0
R1OH,05-Jan-2015,64.25,64.25,60.59,60.89,0
R1TH,05-Jan-2015,66.63,66.63,63.06,63.36,0
R1TW,05-Jan-2015,44.95,44.95,27.52,30.29,0
R2FI,05-Jan-2015,60.55,62.57,51.81,53.77,0
R2OF,05-Jan-2015,64.81,66,60.81,62.05,0
R2OH,05-Jan-2015,60.6,62.05,57.53,58.3,0
R2TH,05-Jan-2015,59.19,60.7,56.86,57.2,0
R2TW,05-Jan-2015,56.49,60.23,40.64,44.76,0
R3FI,05-Jan-2015,59.71,60.02,49.21,51.38,0
R3OF,05-Jan-2015,64.89,65.2,60.25,61.34,0
R3OH,05-Jan-2015,61.86,62.47,58.62,59.19,0
R3TH,05-Jan-2015,61.75,62.5,59.03,59.33,0
R3TW,05-Jan-2015,52.52,53.34,36.12,39.78,0
RAG,05-Jan-2015,782.25,782.25,769.95,771.47,0
RAV,05-Jan-2015,1349.35,1349.35,1326.39,1328.61,0
RDG,05-Jan-2015,744.93,744.93,732.02,733.9,0
RJY,05-Jan-2015,73.8,73.8,73.8,73.8,0
RLG,05-Jan-2015,957.39,957.39,942.02,943.78,0
RLX,05-Jan-2015,1023.02,1023.64,1003.89,1006.44,0
RMC,05-Jan-2015,1657.76,1657.76,1630.9,1634.56,0
RMV,05-Jan-2015,1693.54,1693.54,1667.93,1671.29,0
RMZ,05-Jan-2015,1134.21,1142.86,1127.72,1140.4,0
RPE,05-Jan-2015,210.92,210.92,201.76,202.34,0
RSC,05-Jan-2015,1217.93,1217.93,1200.26,1203.75,0
RSG,05-Jan-2015,1361.49,1361.49,1340.29,1345.2,0
RSV,05-Jan-2015,1054.18,1054.18,1040.11,1042.28,0
RTCM,05-Jan-2015,188.45,190.44,188.33,190.44,5149500
RTF,05-Jan-2015,1400.91,1400.91,1380.32,1381.92,0
RTG,05-Jan-2015,515.42,515.42,507.69,509.5,0
RTI,05-Jan-2015,472.23,472.23,465.49,466.83,0
RTM,05-Jan-2015,475.81,478.91,472.17,473.39,0
RTRE,05-Jan-2015,159.3,161.13,159.29,161.12,4673400
RTV,05-Jan-2015,424.82,424.82,419.05,419.99,0
RUA,05-Jan-2015,1219.31,1219.31,1199.44,1201.56,0
RUF,05-Jan-2015,15.16,15.16,14.95,15.03,0
RUI,05-Jan-2015,1140.488,1140.488,1121.482,1123.373,0
RUJ,05-Jan-2015,1509.03,1509.03,1489.76,1493.97,0
RUO,05-Jan-2015,714.18,716.71,705.44,708.11,0
RUT,05-Jan-2015,1192.362,1194.216,1177.457,1181.346,0
RVX,05-Jan-2015,23.61,25.1,23.61,24.11,0
RWG,05-Jan-2015,400.41,400.41,394.22,394.83,0
RWI,05-Jan-2015,479.74,479.74,471.62,472.32,0
RWV,05-Jan-2015,575.97,575.97,565.28,566.19,0
S1FI,05-Jan-2015,57,57,43,46,0
S1OF,05-Jan-2015,70,70,63,63,0
S1OH,05-Jan-2015,70,70,65,67,0
S1TH,05-Jan-2015,74,74,72,72,0
S1TR,05-Jan-2015,219.64,219.64,212.6,212.99,0
S1TW,05-Jan-2015,38,38,11,12,0
S2TR,05-Jan-2015,418.7,418.7,405.13,406.3,0
S3TR,05-Jan-2015,767.85,767.85,748.32,750.16,0
S4FI,05-Jan-2015,57.8,59.59,47.57,50.51,0
S4OF,05-Jan-2015,65.47,65.98,60.61,61.79,0
S4OH,05-Jan-2015,64.19,64.19,61.12,61.28,0
S4TH,05-Jan-2015,64.19,65.21,60.61,61.53,0
S4TR,05-Jan-2015,313.61,313.61,308.05,308.61,0
S4TW,05-Jan-2015,46.29,46.29,29.41,34.1,0
S5FI,05-Jan-2015,62.44,62.44,44.77,47.38,0
S5OF,05-Jan-2015,71.68,71.68,63.85,65.06,0
S5OH,05-Jan-2015,71.28,71.28,65.66,66.26,0
S5TH,05-Jan-2015,72.48,72.48,68.87,68.87,0
S5TR,05-Jan-2015,440.41,440.41,431.26,432.8,0
S5TW,05-Jan-2015,41.96,41.96,23.29,25.5,0
S6CD,05-Jan-2015,461.48,462.93,455.92,458.27,0
S6CS,05-Jan-2015,1326.5,1326.5,1312.22,1317.63,0
S6EP,05-Jan-2015,1075.97,1075.97,1010.74,1018.45,0
S6FI,05-Jan-2015,62.73,64.61,51.28,53.85,0
S6FP,05-Jan-2015,752.18,752.18,742.1,743.27,0
S6HC,05-Jan-2015,1412.04,1423.94,1402.42,1408.04,0
S6IP,05-Jan-2015,750.82,750.82,730.81,733.81,0
S6MP,05-Jan-2015,432.26,432.26,419.86,421.21,0
S6OF,05-Jan-2015,70.08,71.28,63.93,66.38,0
S6OH,05-Jan-2015,67,68.71,62.05,63.8,0
S6TH,05-Jan-2015,65.12,66.49,62.22,62.77,0
S6TP,05-Jan-2015,432.33,432.33,423.64,425,0
S6TR,05-Jan-2015,942.99,942.99,925.6,926.98,0
S6TW,05-Jan-2015,54.01,58.11,34.52,40.82,0
S6UP,05-Jan-2015,485.35,485.35,473.53,474.86,0
S7TR,05-Jan-2015,733.94,733.94,716.51,717.95,0
S8TR,05-Jan-2015,933.53,933.53,892.52,896.27,0
S9TR,05-Jan-2015,505.98,505.98,500.63,501.45,0
SAAA,05-Jan-2015,1404.41,1411.98,1392.5,1409.82,0
SAAB,05-Jan-2015,2099.22,2100.72,2086.22,2090.97,0
SAAC,05-Jan-2015,1957.48,1968.93,1951.53,1967.07,0
SAAE,05-Jan-2015,40.16,40.54,39.05,39.1,0
SAAI,05-Jan-2015,949.3,950.59,934.48,935.27,0
SAAM,05-Jan-2015,516.9,516.9,500.5,503.2,0
SAAW,05-Jan-2015,256.58,257.46,249.22,249.31,0
SACC,05-Jan-2015,3365.8,3418.68,3365.8,3404.14,0
SACN,05-Jan-2015,161.54,163.08,161.15,161.68,0
SACP,05-Jan-2015,96.09,96.39,93.09,93.09,0
SACT,05-Jan-2015,117.03,117.4,113.37,113.39,0
SAEI,05-Jan-2015,1290.62,1295.68,1268.14,1269.31,0
SAER,05-Jan-2015,99.49,102.2,99.49,101.81,0
SAEU,05-Jan-2015,1289.3,1295.81,1269.15,1269.89,0
SAIE,05-Jan-2015,250.47,250.47,242.27,242.4,0
SAIU,05-Jan-2015,229.01,229.9,222.14,222.47,0
SAJR,05-Jan-2015,126.85,126.85,125.84,126.56,0
SAJT,05-Jan-2015,107.08,107.37,106.5,107.13,0
SANA,05-Jan-2015,4171.59,4171.59,4074.08,4082.09,0
SANC,05-Jan-2015,3579.82,3579.82,3488.83,3505.24,0
SAPE,05-Jan-2015,3512.32,3527.52,3487.46,3506.09,0
SAPT,05-Jan-2015,92.58,93.1,91.92,92.6,0
SAPU,05-Jan-2015,2859.78,2868.31,2831.76,2854.04,0
SAQA,05-Jan-2015,3129.97,3142.28,3071.66,3072.73,0
SAQE,05-Jan-2015,2326.8,2326.8,2277.31,2278.87,0
SASE,05-Jan-2015,19.1,19.5,18.86,18.9,0
SAUE,05-Jan-2015,147.5,151.53,147.5,150.95,0
SAWP,05-Jan-2015,63.97,64,61.72,61.88,0
SAWT,05-Jan-2015,66.51,66.54,64.17,64.34,0
SBAI,05-Jan-2015,92.49,92.49,89.09,89.63,0
SBER,05-Jan-2015,70.65,72.03,70.65,71.87,0
SBES,05-Jan-2015,1104.37,1104.37,1086.54,1087.15,0
SBIX,05-Jan-2015,236.11,236.11,228.97,229.63,0
SBNP,05-Jan-2015,1707.9,1707.9,1678.09,1680.89,0
SBRX,05-Jan-2015,137.38,138.89,136.52,136.77,0
SBSE,05-Jan-2015,1545.96,1560.6,1537.28,1540.55,0
SBSU,05-Jan-2015,1389.74,1398.37,1379.01,1381.48,0
SBTR,05-Jan-2015,73.94,75.3,73.94,75.14,0
SBUP,05-Jan-2015,4005.01,4005.01,3952.01,3961.45,0
SCBR,05-Jan-2015,30.3,31.14,29.84,30.42,0
SCEI,05-Jan-2015,896.26,896.26,877.24,878.35,0
SCGD,05-Jan-2015,479.81,482.75,469.08,469.43,0
SCGO,05-Jan-2015,181.73,181.73,179.2,179.43,0
SCGT,05-Jan-2015,2074.98,2077.93,2037.88,2042.86,0
SCII,05-Jan-2015,70.96,71.61,70.36,71.19,0
SCIR,05-Jan-2015,237.88,237.88,231.68,233.54,0
SCIS,05-Jan-2015,207.7,207.7,202.28,203.9,0
SCIT,05-Jan-2015,406,406,395.4,398.57,0
SCPC,05-Jan-2015,2331.09,2331.09,2286.65,2308.32,0
SCPX,05-Jan-2015,547.96,550.78,535.71,536.11,0
SCRC,05-Jan-2015,3199.8,3233.54,3171,3191.03,0
SCRE,05-Jan-2015,4163.38,4229.91,4153.45,4188.86,0
SCSC,05-Jan-2015,2981.56,3099.06,2981.56,3077.51,0
SCSE,05-Jan-2015,2701.53,2816.8,2701.53,2790.49,0
SCSR,05-Jan-2015,654.1,654.21,641.8,642.63,0
SCUT,05-Jan-2015,1845.78,1938.55,1842.26,1927.46,0
SCWI,05-Jan-2015,150.87,152.72,150.19,150.68,0
SCWP,05-Jan-2015,290.31,290.84,289.75,290.47,0
SCYE,05-Jan-2015,111.81,111.81,111.78,111.8,0
SCYI,05-Jan-2015,127.48,127.48,127.44,127.47,0
SDCG,05-Jan-2015,688.41,688.41,676.11,677.56,0
SDCV,05-Jan-2015,695.99,695.99,679.51,681.29,0
SDDE,05-Jan-2015,487.09,487.09,476.61,477.63,0
SDDM,05-Jan-2015,102.18,102.88,100.98,101.13,0
SDDV,05-Jan-2015,143.27,143.33,140.66,140.83,0
SDEM,05-Jan-2015,90.48,90.51,89.14,89.21,0
SDEW,05-Jan-2015,1181.43,1181.43,1157.18,1160.12,0
SDGO,05-Jan-2015,583.73,583.73,572.74,573.84,0
SDIP,05-Jan-2015,136.22,138.08,136.16,137.93,0
SDIS,05-Jan-2015,177.01,179.5,176.88,179.31,0
SDIT,05-Jan-2015,159.72,161.91,159.66,161.73,0
SDLC,05-Jan-2015,611.3,611.3,597.83,599.11,0
SDMC,05-Jan-2015,826.91,826.91,810.16,811.94,0
SDPI,05-Jan-2015,1351.77,1354.33,1328.87,1330.27,0
SDSC,05-Jan-2015,834.84,834.84,817.55,820.56,0
SDTI,05-Jan-2015,1482.99,1485.8,1457.87,1459.4,0
SDTR,05-Jan-2015,985.75,987.72,976.55,977.9,0
SDTS,05-Jan-2015,1130.49,1138.72,1130.48,1134.82,0
SDTT,05-Jan-2015,1312.84,1322.55,1312.84,1318.02,0
SDVO,05-Jan-2015,570.21,570.21,556,557.39,0
SDWI,05-Jan-2015,112.97,112.97,110.16,110.35,0
SEAN,05-Jan-2015,717.68,717.68,705.57,705.57,0
SEBI,05-Jan-2015,2327.6,2336.66,2311.25,2313.08,0
SECA,05-Jan-2015,240.79,240.79,234.7,235.48,0
SECB,05-Jan-2015,284.11,284.11,276.85,277.72,0
SECC,05-Jan-2015,483.16,483.37,472.43,473.93,0
SEIB,05-Jan-2015,2651.67,2660.13,2630.27,2633.87,0
SEIE,05-Jan-2015,172.23,173.37,169.63,169.71,0
SEII,05-Jan-2015,669.68,669.68,655.47,656.3,0
SEIT,05-Jan-2015,145.84,146.22,144.96,145.72,0
SEIU,05-Jan-2015,174.78,175.52,172.01,172.06,0
SEMT,05-Jan-2015,1055.85,1063.65,1044.38,1044.79,0
SENSEX,05-Jan-2015,27978.43,28064.49,27786.85,27842.32,0
SFTR,05-Jan-2015,1174.18,1177.07,1163.25,1167.32,0
SG0A,05-Jan-2015,311.12,316.25,311.12,315.49,0
SG0B,05-Jan-2015,98.92,100.55,98.92,100.31,0
SG0C,05-Jan-2015,1021.31,1038.14,1021.31,1035.66,0
SG0D,05-Jan-2015,51.75,53.05,51.75,52.9,0
SG0E,05-Jan-2015,534.32,547.79,534.32,546.25,0
SG0F,05-Jan-2015,575.72,579.94,575.72,578.18,0
SG0G,05-Jan-2015,453.79,457.11,453.79,455.72,0
SG0H,05-Jan-2015,4685.77,4719.73,4685.77,4705.73,0
SG0I,05-Jan-2015,302.99,302.99,288.1,289.73,0
SG1A,05-Jan-2015,1019.55,1029.97,981.31,986.86,0
SG1B,05-Jan-2015,389.98,400.62,389.98,395.13,0
SG1C,05-Jan-2015,16.06,16.5,16.06,16.28,0
SG1D,05-Jan-2015,166,170.52,166,168.19,0
SG1E,05-Jan-2015,115.62,116.36,114.52,114.52,0
SG1F,05-Jan-2015,28.27,28.45,28,28,0
SG1G,05-Jan-2015,56.98,57.35,56.44,56.44,0
SG1H,05-Jan-2015,157.96,161.29,156.83,161.04,0
SG1I,05-Jan-2015,84.16,85.93,83.56,85.8,0
SG1J,05-Jan-2015,387.4,387.4,365.21,367.23,0
SG2A,05-Jan-2015,487.31,487.31,457.1,461.02,0
SG2B,05-Jan-2015,460.65,460.65,432.01,435.79,0
SG2C,05-Jan-2015,628,633.03,599.86,604.99,0
SG2D,05-Jan-2015,114.96,116.02,114.25,115.63,0
SG2E,05-Jan-2015,11.09,11.19,11.02,11.15,0
SG2F,05-Jan-2015,37.77,38.12,37.54,37.99,0
SG2G,05-Jan-2015,124.02,129.76,123.33,129.45,0
SG2H,05-Jan-2015,18.03,18.87,17.93,18.82,0
SG2I,05-Jan-2015,86.56,90.59,86.08,90.35,0
SG2J,05-Jan-2015,97.3,99.33,96.61,99.21,0
SG3A,05-Jan-2015,559.74,560.39,545.57,550.16,0
SG3B,05-Jan-2015,3813.82,3818.23,3718.04,3748.55,0
SG3C,05-Jan-2015,326.72,335.6,326.72,335.19,0
SG3D,05-Jan-2015,10.89,11.19,10.89,11.18,0
SG3E,05-Jan-2015,112.6,115.66,112.6,115.52,0
SG3F,05-Jan-2015,84.77,86.99,84.77,86.38,0
SG3G,05-Jan-2015,36.61,37.57,36.61,37.3,0
SG3H,05-Jan-2015,249.41,255.94,249.41,254.14,0
SG3I,05-Jan-2015,288.77,288.77,272.82,274.25,0
SG3J,05-Jan-2015,445.2,445.71,433.93,437.58,0
SG4A,05-Jan-2015,761.36,770.98,736.36,740.21,0
SG4B,05-Jan-2015,291.73,291.73,279.57,280.36,0
SG4C,05-Jan-2015,120.16,120.16,115.15,115.47,0
SG4D,05-Jan-2015,203.05,204.35,196.84,197.39,0
SG4E,05-Jan-2015,166.94,166.94,159.47,160.02,0
SG4F,05-Jan-2015,615.04,619.98,592.75,594.78,0
SG4G,05-Jan-2015,261.6,264.23,261.6,263.88,0
SG4H,05-Jan-2015,150.76,152.27,150.76,152.07,0
SG4I,05-Jan-2015,181.56,183.39,181.56,183.14,0
SG4J,05-Jan-2015,290.03,290.03,274.07,275.44,0
SG5A,05-Jan-2015,403.07,403.07,383.76,385.1,0
SG5B,05-Jan-2015,559.57,559.57,532.77,534.63,0
SG5C,05-Jan-2015,690.61,701.15,690.61,700.97,0
SG5D,05-Jan-2015,99.6,101.12,99.6,101.09,0
SG5E,05-Jan-2015,647,653.02,643.37,652.8,0
SG5F,05-Jan-2015,371.13,381.54,371.13,379.91,0
SG5G,05-Jan-2015,34.73,35.7,34.73,35.55,0
SG5H,05-Jan-2015,358.66,368.72,358.66,367.15,0
SG5I,05-Jan-2015,218.08,218.08,211.23,212.43,0
SG5J,05-Jan-2015,489.32,489.32,465.89,467.51,0
SG6A,05-Jan-2015,889.65,889.65,861.95,866.61,0
SG6B,05-Jan-2015,184.37,185.02,181.27,182.44,0
SG6C,05-Jan-2015,1256.35,1260.77,1235.28,1243.18,0
SG6D,05-Jan-2015,189.4,194.24,189.4,191.78,0
SG6E,05-Jan-2015,37.58,38.54,37.58,38.05,0
SG6F,05-Jan-2015,52.18,53.52,52.18,52.84,0
SG6G,05-Jan-2015,280.69,282.11,276.19,276.41,0
SG6H,05-Jan-2015,183.56,184.49,180.61,180.76,0
SG6I,05-Jan-2015,313.79,315.47,308.76,309.02,0
SG6J,05-Jan-2015,239.36,239.36,231.91,233.17,0
SG7A,05-Jan-2015,27.02,27.12,26.46,26.56,0
SG7B,05-Jan-2015,193.72,194.44,189.73,190.44,0
SG7C,05-Jan-2015,388.79,389.96,386.01,386.75,0
SG7D,05-Jan-2015,245.46,246.61,244.13,244.59,0
SG7E,05-Jan-2015,2533.04,2545.57,2519.88,2524.65,0
SG7F,05-Jan-2015,565.44,569.36,565.35,567.32,0
SG7G,05-Jan-2015,419.98,422.89,419.92,421.37,0
SG7H,05-Jan-2015,4336.66,4366.76,4336,4351.05,0
SG7I,05-Jan-2015,231.38,232.7,230.85,231.07,0
SG7J,05-Jan-2015,119.22,119.62,116.76,117.2,0
SG8A,05-Jan-2015,140.6,148.65,134.7,134.93,0
SG8B,05-Jan-2015,25.66,27.13,24.59,24.63,0
SG8C,05-Jan-2015,45.87,48.5,43.93,44.02,0
SG8D,05-Jan-2015,237.58,243.53,234.29,243.49,0
SG8E,05-Jan-2015,210.87,216.15,207.95,216.11,0
SG8F,05-Jan-2015,388.37,398.1,382.99,398.03,0
SG8G,05-Jan-2015,205.41,207.32,205.41,207.01,0
SG8H,05-Jan-2015,358.72,362.29,358.72,361.75,0
SG8I,05-Jan-2015,2120.34,2140.06,2120.34,2136.87,0
SG8J,05-Jan-2015,2388.51,2402.12,2382.83,2385.27,0
SG9A,05-Jan-2015,74.3,74.77,72.73,72.9,0
SG9B,05-Jan-2015,120.02,120.85,117.56,117.84,0
SG9C,05-Jan-2015,418.59,418.62,408.4,409.82,0
SG9D,05-Jan-2015,469.79,472.28,460.73,462.35,0
SG9E,05-Jan-2015,4808.76,4834.28,4716.64,4732.66,0
SG9F,05-Jan-2015,175.31,175.31,170.28,170.65,0
SG9G,05-Jan-2015,103.7,104.36,101.65,101.87,0
SG9H,05-Jan-2015,854.71,860.2,837.76,839.6,0
SG9I,05-Jan-2015,192.96,192.96,184.08,185.04,0
SG9J,05-Jan-2015,197.01,197.01,191.17,191.62,0
SGAA,05-Jan-2015,1899.57,1906.27,1893.53,1895.71,0
SGAB,05-Jan-2015,1896.95,1912.86,1891.63,1894.84,0
SGAC,05-Jan-2015,4307.16,4310.39,4221.27,4228.51,0
SGAD,05-Jan-2015,4309,4313.02,4218.14,4226.56,0
SGCC,05-Jan-2015,239.55,239.55,233.2,233.66,0
SGCR,05-Jan-2015,134.86,135.57,133.25,134.67,0
SGDO,05-Jan-2015,151.5,152.06,149.04,149.1,0
SGEI,05-Jan-2015,668.25,668.25,653.92,654.83,0
SGEP,05-Jan-2015,640.87,640.87,628.76,629.63,0
SGET,05-Jan-2015,290.32,290.32,283.03,283.39,0
SGEY,05-Jan-2015,557.83,561.77,550.12,550.91,0
SGIA,05-Jan-2015,232.68,232.68,222.03,223.33,0
SGIB,05-Jan-2015,415.05,415.05,406.87,407.76,0
SGIC,05-Jan-2015,802.27,802.27,780.74,785.34,0
SGID,05-Jan-2015,382.78,382.78,376.8,377.82,0
SGIE,05-Jan-2015,370.01,370.01,363.42,364.3,0
SGIF,05-Jan-2015,155.81,155.81,153.34,153.92,0
SGIG,05-Jan-2015,598.02,598.02,583.29,585.85,0
SGIH,05-Jan-2015,353.78,353.78,346.52,346.59,0
SGIR,05-Jan-2015,125.31,125.88,123.84,124.96,0
SGJ,05-Jan-2015,183.3,183.3,174.12,174.71,0
SGK,05-Jan-2015,318.2,326.22,318.2,325.3,0
SGLE,05-Jan-2015,205.28,205.28,200.13,200.38,0
SGLN,05-Jan-2015,180.37,180.95,179.28,179.74,0
SGLS,05-Jan-2015,164.74,165.27,163.74,164.16,0
SGMA,05-Jan-2015,181.55,182.38,179.43,181.04,0
SGME,05-Jan-2015,1193.83,1193.83,1175.75,1175.96,0
SGMU,05-Jan-2015,970.3,970.3,952.5,954.17,0
SGNC,05-Jan-2015,116.45,117.01,115.46,115.63,0
SGNX,05-Jan-2015,143.59,143.61,141.74,141.93,0
SGON,05-Jan-2015,361.35,362.69,355.49,355.62,0
SGP,05-Jan-2015,1557.81,1583.9,1557.81,1583.37,0
SGPA,05-Jan-2015,203.34,204.41,200.91,203.05,0
SGPG,05-Jan-2015,149.3,152.98,149.3,152.54,0
SGPP,05-Jan-2015,87.83,88.38,86.2,86.37,0
SGPR,05-Jan-2015,66.03,67.66,66.03,67.46,0
SGPT,05-Jan-2015,150.26,151.19,147.47,147.76,0
SGQA,05-Jan-2015,1320.73,1332.45,1273.5,1280.21,0
SGQB,05-Jan-2015,197.64,197.64,187.37,188.3,0
SGQC,05-Jan-2015,373.45,375.53,359.19,360.96,0
SGQD,05-Jan-2015,1386.53,1395.69,1334.85,1341.56,0
SGQE,05-Jan-2015,166.27,167.89,165.26,167.84,0
SGQF,05-Jan-2015,1474.82,1489.14,1465.86,1488.73,0
SGQG,05-Jan-2015,402.94,403.79,397.03,397.69,0
SGQH,05-Jan-2015,273.16,274.66,270.06,270.52,0
SGQI,05-Jan-2015,2819.42,2834.99,2787.38,2792.19,0
SGQJ,05-Jan-2015,355.36,358.51,342.63,344.45,0
SGRC,05-Jan-2015,105.41,106.01,104.67,105.43,0
SGRE,05-Jan-2015,87.76,88.26,87.15,87.78,0
SGRG,05-Jan-2015,38.68,39.64,38.68,39.52,0
SGRM,05-Jan-2015,121.86,122.49,121.6,122.34,0
SGRT,05-Jan-2015,104.94,107.81,104.94,107.4,0
SGSA,05-Jan-2015,769.92,793.45,769.92,791.65,0
SGSB,05-Jan-2015,64.13,65.13,63.45,64.99,0
SGSC,05-Jan-2015,569.09,577.98,563.04,576.67,0
SGSD,05-Jan-2015,399.99,415.78,399.99,414.98,0
SGSE,05-Jan-2015,309.76,310.13,302.44,303.08,0
SGSF,05-Jan-2015,436.91,454.26,436.91,453.28,0
SGSG,05-Jan-2015,4513.13,4692.32,4513.13,4682.24,0
SGSH,05-Jan-2015,149.15,150.52,148.21,150.1,0
SGSJ,05-Jan-2015,13.85,13.97,13.76,13.94,0
SGSK,05-Jan-2015,122.92,124.05,122.14,123.71,0
SGSM,05-Jan-2015,227.28,228.36,227.04,227.59,0
SGSN,05-Jan-2015,2346.03,2357.24,2343.6,2349.23,0
SGSO,05-Jan-2015,304.44,304.44,289.36,293.4,0
SGSP,05-Jan-2015,1058.03,1058.03,1005.63,1019.65,0
SGSQ,05-Jan-2015,2678.81,2678.81,2546.87,2581.63,0
SGSR,05-Jan-2015,394.4,405.42,394.4,399.66,0
SGSS,05-Jan-2015,12.75,13.1,12.75,12.92,0
SGST,05-Jan-2015,131.74,135.42,131.74,133.49,0
SGSU,05-Jan-2015,173.09,173.57,170.1,171.4,0
SGSV,05-Jan-2015,53.82,53.97,52.89,53.29,0
SGSW,05-Jan-2015,108.48,108.77,106.6,107.42,0
SGSX,05-Jan-2015,375.94,377.07,374.88,375.8,0
SGT,05-Jan-2015,3181.28,3201.14,3121.78,3128.33,0
SGTR,05-Jan-2015,230.78,231.39,227.41,229.85,0
SGV,05-Jan-2015,368.25,370.4,367.38,367.75,0
SGWC,05-Jan-2015,426.53,427.29,417.06,417.64,0
SGWE,05-Jan-2015,287.49,289.47,282.53,283,0
SGWM,05-Jan-2015,397.45,397.45,387.67,388.21,0
SGWN,05-Jan-2015,1852.22,1852.22,1806.11,1810.82,0
SGWP,05-Jan-2015,1680.07,1683.25,1641.93,1646.23,0
SGWT,05-Jan-2015,175.26,176.13,174.64,175.43,0
SGX,05-Jan-2015,413.53,414.02,403.76,404.6,0
SGY,05-Jan-2015,326.88,328.03,321.38,323.45,0
SHEP,05-Jan-2015,290.52,292.38,284.41,284.66,0
SHEU,05-Jan-2015,356.5,356.5,346.87,347.17,0
SHLD,05-Jan-2015,346.67,347.16,344.21,344.58,0
SHLP,05-Jan-2015,299.68,301.47,297.66,298.02,0
SHLS,05-Jan-2015,405.24,406.28,402.82,403.26,0
SHLX,05-Jan-2015,256.08,257.6,254.36,254.66,0
SHSB,05-Jan-2015,414.65,415.14,407.53,408.08,0
SHSD,05-Jan-2015,432.33,432.61,424.42,425.13,0
SHTR,05-Jan-2015,829.14,831.2,821.76,823.66,0
SHUS,05-Jan-2015,598.03,598.03,587.05,588.19,0
SIDO,05-Jan-2015,2208.71,2218.75,2172.85,2174.33,0
SIII,05-Jan-2015,1339.45,1347.12,1332.63,1335.89,0
SIIN,05-Jan-2015,2596.59,2613.68,2585.43,2591.76,0
SIIP,05-Jan-2015,93.82,94.31,93.81,94.23,0
SIIS,05-Jan-2015,96.93,97.44,96.92,97.36,0
SIIT,05-Jan-2015,110.01,110.58,110,110.49,0
SIN,05-Jan-2015,193.66,193.66,191.57,192.38,0
SINE,05-Jan-2015,3568.91,3585.3,3512.61,3517.73,0
SINU,05-Jan-2015,3282.95,3284.05,3227.33,3230.46,0
SIPR,05-Jan-2015,934.72,941.62,924.56,924.92,0
SIRI,05-Jan-2015,147.33,147.4,147.24,147.24,0
SIRP,05-Jan-2015,110.14,110.31,109.73,110.07,0
SIS,05-Jan-2015,113.38,113.6,111.88,111.9,0
SITR,05-Jan-2015,413.29,413.29,403.65,404.78,0
SIUT,05-Jan-2015,50.7,52.71,50.7,52.55,0
SIV,05-Jan-2015,24.79,25.42,24.16,25.39,0
SJPA,05-Jan-2015,1286.82,1294.71,1274.35,1286.23,0
SJPB,05-Jan-2015,1488.65,1500.61,1474.62,1489.33,0
SJPC,05-Jan-2015,2271.92,2287.85,2256.97,2275.47,0
SJPD,05-Jan-2015,1174.92,1181.44,1162.71,1173.69,0
SJPE,05-Jan-2015,1090.19,1095.24,1085.02,1087.92,0
SJRI,05-Jan-2015,2430.12,2441.52,2401.81,2424.41,0
SJTR,05-Jan-2015,702.64,702.64,690.83,690.86,0
SKTR,05-Jan-2015,477.49,477.49,463.12,464.71,0
SLAC,05-Jan-2015,4638,4638.16,4483.53,4498.5,0
SLCN,05-Jan-2015,182.22,182.22,178.65,178.95,0
SLCT,05-Jan-2015,226.04,226.04,221.55,221.92,0
SLCU,05-Jan-2015,211.91,211.91,207.7,208.05,0
SLEE,05-Jan-2015,113.81,114.25,113.26,113.4,0
SLER,05-Jan-2015,72.31,72.48,71.85,71.94,0
SLEW,05-Jan-2015,853.95,853.95,835.42,838.59,0
SLPE,05-Jan-2015,860.19,860.37,847.94,849.71,0
SLPX,05-Jan-2015,461.5,461.5,441.76,442.4,0
SLQR,05-Jan-2015,4788.62,4788.62,4666.72,4678.46,0
SLRT,05-Jan-2015,76.29,76.46,75.79,75.89,0
SLUN,05-Jan-2015,3985.96,3985.96,3828.04,3840.59,0
SLUT,05-Jan-2015,6104.98,6166.41,6053.36,6087.59,0
SLV,05-Jan-2015,15.795,16.26,15.63,16.213,31561
SML,05-Jan-2015,687.49,687.49,677.01,679.27,71371296
SMPR,05-Jan-2015,932.81,941.21,924.75,925.07,0
SMRW,05-Jan-2015,5397.9,5397.9,5272.6,5287.32,0
SMSS,05-Jan-2015,5660.17,5660.17,5529.35,5542.68,0
SMTI,05-Jan-2015,1049.61,1057.61,1039.12,1039.48,0
SMTR,05-Jan-2015,214.3,214.85,211.37,213.28,0
SMXT,05-Jan-2015,118.98,119.92,117.17,117.39,0
SNAC,05-Jan-2015,257.9,260.7,256.49,257.67,0
SNCH,05-Jan-2015,147.28,147.28,145.38,145.73,0
SNCT,05-Jan-2015,171.94,171.94,169.53,169.94,0
SNEI,05-Jan-2015,2227.03,2228.36,2190.31,2192.29,0
SNER,05-Jan-2015,86.67,87.76,86.67,87.55,0
SNEU,05-Jan-2015,2223.48,2231.54,2191.84,2193.3,0
SNNE,05-Jan-2015,2804.96,2804.96,2743.94,2746.57,0
SNNT,05-Jan-2015,3785.75,3785.75,3700.82,3703.53,0
SNRE,05-Jan-2015,2018.39,2018.39,1958.07,1960.87,0
SNRT,05-Jan-2015,91.42,92.58,91.42,92.35,0
SNRU,05-Jan-2015,2387.42,2389.85,2319.87,2325.58,0
SNTE,05-Jan-2015,181.43,181.43,178.83,179.27,0
SNUI,05-Jan-2015,126.34,127.93,126.34,127.62,0
SOBC,05-Jan-2015,14.71,14.78,14.52,14.55,0
SOCC,05-Jan-2015,17.55,17.63,17.28,17.34,0
SOTR,05-Jan-2015,577.89,577.89,564.92,566.12,0
SOX,05-Jan-2015,683.567,684.838,673.427,673.587,0
SP500,05-Jan-2015,2054.44,2054.44,2017.34,2020.58,611506880
SPAA,05-Jan-2015,73.31,73.73,72.06,72.2,0
SPAB,05-Jan-2015,97.58,97.75,95.73,95.82,0
SPAC,05-Jan-2015,63.06,63.42,61.98,62.1,0
SPAD,05-Jan-2015,506.91,512.85,505.19,505.86,0
SPEE,05-Jan-2015,119.6,119.98,118.29,118.55,0
SPER,05-Jan-2015,528.82,535.01,527.02,527.72,0
SPEY,05-Jan-2015,119.75,120.11,118.37,118.61,0
SPIN,05-Jan-2015,320.01,324,318.76,321.87,0
SPIR,05-Jan-2015,269.32,272.67,268.26,270.88,0
SPLR,05-Jan-2015,916.72,928.14,913.14,922.05,0
SPPR,05-Jan-2015,1186.11,1187.09,1182.29,1183.25,0
SPRL,05-Jan-2015,125.49,125.97,120.75,120.9,0
SPRT,05-Jan-2015,902.42,912.98,899.36,900.55,0
SPSU,05-Jan-2015,474.31,474.31,466.21,466.95,0
SPUS,05-Jan-2015,191.03,191.69,190.74,191.1,0
SPX,05-Jan-2015,2054.44,2054.44,2017.34,2020.58,0
SPXT,05-Jan-2015,3762.04,3762.04,3694.1,3700.03,0
SQTR,05-Jan-2015,1027.09,1027.09,1010.19,1011.69,0
SRER,05-Jan-2015,122.1,122.16,122.03,122.03,0
SRFF,05-Jan-2015,101.31,101.31,101.31,101.31,0
SRIC,05-Jan-2015,2970.57,2992.01,2943.93,2945.81,0
SRIE,05-Jan-2015,3089.31,3119.32,3068.57,3071.31,0
SRMP,05-Jan-2015,1493.74,1506.91,1485.66,1503.46,0
SRPR,05-Jan-2015,180.39,181.36,179.89,181.09,0
SRTR,05-Jan-2015,336.58,338.1,334.67,337.22,0
SRUP,05-Jan-2015,3417.69,3417.69,3358.54,3364.14,0
SRVA,05-Jan-2015,2470.76,2476.8,2367.77,2372.94,0
SRVB,05-Jan-2015,1803.07,1803.07,1765.94,1780,0
SRVC,05-Jan-2015,5791.05,5807,5681.56,5695.83,0
SRVD,05-Jan-2015,2813.1,2815.46,2691.1,2699.24,0
SRVE,05-Jan-2015,2046.87,2051.7,2005.56,2024.76,0
SRVF,05-Jan-2015,6584.12,6592.52,6464.98,6479.04,0
SRVG,05-Jan-2015,3162.67,3165.88,3073.16,3082.17,0
SRVH,05-Jan-2015,3410.74,3411.48,3294.28,3306.32,0
SRVI,05-Jan-2015,2783.17,2783.17,2704.01,2709.59,0
SRVJ,05-Jan-2015,2993.66,3009.57,2898.48,2906.64,0
SRWI,05-Jan-2015,6110.43,6110.43,5974.51,5986.26,0
SS1E,05-Jan-2015,2190.24,2190.24,2126.96,2134.07,0
SS1J,05-Jan-2015,2450.4,2450.4,2315.89,2325.55,0
SS2E,05-Jan-2015,3099.42,3099.42,3033.64,3041.34,0
SS2J,05-Jan-2015,2808.41,2808.41,2728.55,2734.74,0
SS3E,05-Jan-2015,8831.64,8847.28,8747.69,8763.15,0
SS3J,05-Jan-2015,3670.78,3670.78,3631.64,3637.98,0
SS4E,05-Jan-2015,5484.71,5484.71,5381.96,5393.91,0
SS4J,05-Jan-2015,2772.48,2772.48,2718.74,2723.76,0
SS5E,05-Jan-2015,1197.61,1198.26,1175.75,1180.72,0
SS5J,05-Jan-2015,1255.38,1255.38,1232.34,1234.64,0
SSAE,05-Jan-2015,429.97,429.97,423.45,423.45,0
SSAI,05-Jan-2015,615.33,615.33,606.01,606.01,0
SSAU,05-Jan-2015,500.69,500.74,493.02,493.02,0
SSAX,05-Jan-2015,3593.64,3596.75,3555.96,3565.53,0
SSBE,05-Jan-2015,2321.87,2344.39,2306.25,2308.31,0
SSBR,05-Jan-2015,2223.59,2249.53,2213.38,2214.79,0
SSCA,05-Jan-2015,253.69,253.93,252.25,252.48,0
SSCB,05-Jan-2015,291.55,291.81,283.46,284.07,0
SSCE,05-Jan-2015,260.63,261.45,257.18,257.52,0
SSCH,05-Jan-2015,470.13,474.8,467.69,469.82,0
SSCK,05-Jan-2015,248.58,248.63,245.49,245.79,0
SSCL,05-Jan-2015,264.78,264.78,256.28,256.76,0
SSCM,05-Jan-2015,6935.42,6935.42,6800.19,6811.57,0
SSCP,05-Jan-2015,165.79,166.44,165.01,166.27,0
SSCQ,05-Jan-2015,413.76,418.73,408.9,412.29,0
SSCS,05-Jan-2015,301.43,302.53,301.03,301.45,0
SSCU,05-Jan-2015,350.13,352.37,342.04,342.59,0
SSCW,05-Jan-2015,271.47,272.27,267.53,267.9,0
SSDI,05-Jan-2015,1.36,1.5,1.36,1.5,0
SSEC,05-Jan-2015,3258.63,3350.52,3258.63,3350.52,0
SSEN,05-Jan-2015,147.07,147.43,145.43,145.68,0
SSER,05-Jan-2015,216.17,217.7,216.11,217.47,0
SSEW,05-Jan-2015,302.99,303.89,301.32,302.69,0
SSFA,05-Jan-2015,285.23,285.23,279.15,279.19,0
SSFB,05-Jan-2015,43.87,44.04,43.82,44,0
SSFE,05-Jan-2015,234.48,234.95,229.79,229.9,0
SSFP,05-Jan-2015,316.92,317.61,310.92,310.97,0
SSFT,05-Jan-2015,192.7,193.08,188.79,188.88,0
SSFU,05-Jan-2015,210.52,210.94,206.31,206.41,0
SSGA,05-Jan-2015,161.86,162.33,158.79,159.22,0
SSGC,05-Jan-2015,266.56,266.88,263.81,264.27,0
SSGD,05-Jan-2015,2473.4,2520.7,2473.4,2476.29,0
SSGE,05-Jan-2015,2405.29,2408.02,2299.22,2306.56,0
SSGF,05-Jan-2015,1205.09,1205.95,1181.04,1182.55,0
SSGG,05-Jan-2015,357.95,358.97,355.22,355.58,0
SSGH,05-Jan-2015,2746.25,2754.76,2733.04,2734.57,0
SSGI,05-Jan-2015,2430.03,2430.18,2388.43,2392.47,0
SSGL,05-Jan-2015,1887.41,1889.36,1853.08,1854.8,0
SSGM,05-Jan-2015,2252.82,2258.72,2201.48,2205.43,0
SSGN,05-Jan-2015,2103.27,2106.68,2062.63,2064.58,0
SSGO,05-Jan-2015,303.34,303.34,287.63,289.13,0
SSGP,05-Jan-2015,255.97,256.36,253.54,253.97,0
SSGR,05-Jan-2015,436.12,437.34,432.54,433.25,0
SSGS,05-Jan-2015,2489.49,2494.9,2458.6,2462.07,0
SSGT,05-Jan-2015,1198.97,1199.73,1181.3,1181.51,0
SSGU,05-Jan-2015,1464.3,1467.67,1435.07,1438.18,0
SSGX,05-Jan-2015,599.49,599.49,567.39,570.39,0
SSGZ,05-Jan-2015,1004.23,1011.94,968.19,973.3,0
SSHE,05-Jan-2015,1203.6,1203.6,1176.42,1177.09,0
SSHF,05-Jan-2015,172.99,173.37,169.51,169.58,0
SSHJ,05-Jan-2015,1213.05,1222.64,1204.04,1215.91,0
SSHX,05-Jan-2015,1801.53,1801.53,1767.57,1770.07,0
SSIA,05-Jan-2015,92.79,94.64,92.79,94.5,0
SSIB,05-Jan-2015,38.47,39.24,38.47,39.18,0
SSIC,05-Jan-2015,65.67,66.98,65.67,66.88,0
SSIP,05-Jan-2015,117.92,119,117.92,118.93,0
SSIS,05-Jan-2015,135.97,137.23,135.97,137.15,0
SSIT,05-Jan-2015,138.28,139.54,138.28,139.46,0
SSLF,05-Jan-2015,923.45,924.83,907.41,909.11,0
SSLS,05-Jan-2015,210.91,212.41,210.85,212.18,0
SSMI,05-Jan-2015,9002.82,9070.85,8938.85,8938.85,0
SSNI,05-Jan-2015,166.14,167.59,164.64,165.05,0
SSPA,05-Jan-2015,1518.83,1518.83,1473.48,1477.97,0
SSPE,05-Jan-2015,1403.13,1403.13,1363.37,1365.24,0
SSPF,05-Jan-2015,798.76,798.76,772.26,773.47,0
SSPI,05-Jan-2015,1186.47,1192.86,1165.36,1166.26,0
SSPL,05-Jan-2015,466.6,466.6,458.37,459.25,0
SSPN,05-Jan-2015,4684.34,4684.34,4600.97,4608.35,0
SSPT,05-Jan-2015,1344.16,1349.62,1307.05,1310.12,0
SSPU,05-Jan-2015,1370.77,1370.77,1318.54,1319.96,0
SSRF,05-Jan-2015,822.21,822.21,819.03,819.77,0
SSRW,05-Jan-2015,6244.14,6244.14,6100.49,6123.7,0
SSTR,05-Jan-2015,278.65,280.62,278.65,280.31,0
SSTU,05-Jan-2015,366.01,366.12,359.36,360.7,0
SSUC,05-Jan-2015,274.56,275.74,272.4,272.63,0
SSUP,05-Jan-2015,77.14,77.6,76.66,76.73,0
SSUT,05-Jan-2015,131.63,132.44,130.84,130.95,0
SSWP,05-Jan-2015,102.8,103.2,102.33,102.79,0
SSWT,05-Jan-2015,520.16,520.25,507.03,507.69,0
SSXP,05-Jan-2015,340.75,341.43,335.74,336.15,0
SSXT,05-Jan-2015,197.84,198.71,195.5,195.64,0
STCE,05-Jan-2015,626.04,630.79,614.37,615.12,0
STCL,05-Jan-2015,625.78,630.51,614.8,615.4,0
STDA,05-Jan-2015,111.7,111.7,111.14,111.19,0
STDB,05-Jan-2015,114.55,114.55,113.72,113.79,0
STDC,05-Jan-2015,117.06,117.06,115.97,116.07,0
STDD,05-Jan-2015,118.77,118.77,117.44,117.56,0
STDE,05-Jan-2015,119.71,119.71,118.17,118.3,0
STDF,05-Jan-2015,120.14,120.14,118.41,118.56,0
STDG,05-Jan-2015,120.49,120.49,118.59,118.76,0
STDH,05-Jan-2015,121.12,121.12,119.09,119.28,0
STDI,05-Jan-2015,120.83,120.83,118.71,118.91,0
STFE,05-Jan-2015,1395.5,1395.5,1373.46,1376.09,0
STFU,05-Jan-2015,1394.2,1395.9,1373.09,1376.72,0
STI,05-Jan-2015,3368.38,3369.05,3319.72,3328.28,0
STIC,05-Jan-2015,1331.33,1348.9,1331.31,1338.34,0
STIF,05-Jan-2015,1833.05,1833.05,1793.18,1794.89,0
STIL,05-Jan-2015,1346.49,1346.49,1287.07,1292.74,0
STIR,05-Jan-2015,2465.53,2471.02,2418.38,2420.15,0
STIS,05-Jan-2015,1155.02,1170.26,1155,1161.1,0
STMP,05-Jan-2015,470.12,470.12,448.07,448.57,0
STNC,05-Jan-2015,764.59,768.64,763.1,764.94,5117700
STNU,05-Jan-2015,877.15,877.15,874.72,875.03,5116500
STOXX,05-Jan-2015,3126.81,3150.09,3020.79,3023.14,0
STRA,05-Jan-2015,127.21,127.21,125.14,125.34,0
STRB,05-Jan-2015,112.91,112.91,111.88,111.97,0
STRC,05-Jan-2015,119.31,119.31,117.86,118,0
STRD,05-Jan-2015,113.19,113.19,112.41,112.47,0
STRL,05-Jan-2015,5027.33,5027.33,4869.28,4887.83,0
STRN,05-Jan-2015,3436.29,3436.29,3374.24,3379.66,0
STRP,05-Jan-2015,553.58,555.02,540.92,541.62,0
STRS,05-Jan-2015,240.7,245.47,240.7,245.09,0
STRT,05-Jan-2015,316.37,316.49,313.15,313.17,0
STRU,05-Jan-2015,867.16,871.4,861.21,862.36,0
STSI,05-Jan-2015,1172.21,1236.28,1172.21,1231.15,0
STSU,05-Jan-2015,807.95,809.47,799.21,804.06,0
STSY,05-Jan-2015,814.73,821.52,808.56,816.56,0
STTR,05-Jan-2015,846.37,846.37,823.41,827.71,0
SUCD,05-Jan-2015,226.64,226.64,221.68,222.14,0
SUCS,05-Jan-2015,321.04,321.32,318.17,318.57,0
SUEP,05-Jan-2015,391.65,391.65,373.98,375.58,0
SUFP,05-Jan-2015,135.66,135.66,132.52,132.82,0
SUHC,05-Jan-2015,297.35,298.52,295.52,295.93,0
SUIP,05-Jan-2015,276.91,276.91,269.92,270.48,0
SUJP,05-Jan-2015,140.79,141.89,139.46,140.87,0
SUKP,05-Jan-2015,1329.03,1334.68,1299.92,1302.39,0
SUKS,05-Jan-2015,1237.32,1244.46,1205.54,1207.83,0
SUMI,05-Jan-2015,249.54,249.54,242.03,242.86,0
SUNI,05-Jan-2015,171.16,172.62,166.06,166.58,0
SUPI,05-Jan-2015,261.66,261.86,257.2,258.23,0
SURI,05-Jan-2015,308.97,311.29,307.2,310.63,0
SUTP,05-Jan-2015,97.64,97.64,95.8,95.99,0
SVO,05-Jan-2015,379.82,379.82,365.94,366.35,0
SVTR,05-Jan-2015,80.16,80.51,79.77,79.88,0
SW0B,05-Jan-2015,62.35,62.44,59.32,59.39,0
SW0C,05-Jan-2015,65.33,65.59,64.22,64.44,0
SW0D,05-Jan-2015,88.86,89.13,87.89,87.98,0
SW0E,05-Jan-2015,110.01,110.07,108.75,108.87,0
SW0F,05-Jan-2015,118.53,119.02,116.78,116.96,0
SW0G,05-Jan-2015,141.71,142.69,141.44,141.63,0
SW0H,05-Jan-2015,65.07,65.12,63.98,64.08,0
SW0I,05-Jan-2015,95.87,96.07,95.35,95.45,0
SW1A,05-Jan-2015,53.79,54,52.62,52.69,0
SW1B,05-Jan-2015,358.75,359.66,356.01,356.51,0
SW1C,05-Jan-2015,260.43,260.52,259,259.14,0
SW1J,05-Jan-2015,83.89,84.03,82.51,82.61,0
SWCH,05-Jan-2015,316.16,316.16,308.28,308.74,0
SWDI,05-Jan-2015,7974.02,7974.02,7854.64,7871.98,0
SWDR,05-Jan-2015,1196.64,1196.64,1156.01,1158.65,0
SWET,05-Jan-2015,389.42,389.42,379.85,380.44,0
SWFI,05-Jan-2015,856.15,856.15,833.75,835.87,0
SWIB,05-Jan-2015,1877.86,1877.86,1830.94,1832.08,0
SWIT,05-Jan-2015,2187,2190.32,2130.8,2132.19,0
SWML,05-Jan-2015,645.31,645.31,615.36,616.12,0
SWSP,05-Jan-2015,228.06,228.2,219.25,220.42,0
SWTE,05-Jan-2015,291.54,291.54,285.18,285.69,0
SWTM,05-Jan-2015,382.81,382.81,373.82,374.74,0
SWTS,05-Jan-2015,336.99,336.99,328.65,329.83,0
SWTT,05-Jan-2015,300.68,300.68,294.15,294.68,0
SWTV,05-Jan-2015,438.41,438.41,427.38,428.45,0
SWUB,05-Jan-2015,1643.11,1643.11,1598.74,1601.99,0
SWUL,05-Jan-2015,989.51,994.22,988.5,993.33,0
SWUT,05-Jan-2015,2203.91,2203.91,2151.9,2157.54,0
SXTR,05-Jan-2015,552.67,553.05,543.26,545.44,0
SYTR,05-Jan-2015,845.72,845.72,822.83,823.81,0
SZTR,05-Jan-2015,1261.11,1261.11,1234.21,1237.34,0
TA25,05-Jan-2015,1460.02,1463.65,1455.66,1457.47,0
TACK,05-Jan-2015,10001,10380,9567,9977,0
TACX,05-Jan-2015,1,380,-433,-23,0
TASI,05-Jan-2015,8356.93,8356.93,8102.65,8106.8,0
TBO,05-Jan-2015,1314.84,1314.84,1314.84,1314.84,0
TICK,05-Jan-2015,10002,11006,9042,9696,0
TICX,05-Jan-2015,2,1006,-958,-304,0
TIKI,05-Jan-2015,9990,10024,9972,9980,0
TIKX,05-Jan-2015,-10,24,-28,-20,0
TNX,05-Jan-2015,2.1,2.1,2.03,2.03,0
TOB,05-Jan-2015,1282.73,1284.75,1267.85,1271.64,0
TOOC,05-Jan-2015,16990.02,17052.18,16613.36,16675,224213600
TQCK,05-Jan-2015,9993,10614,9182,9726,0
TQCX,05-Jan-2015,-7,614,-818,-274,0
TRA,05-Jan-2015,3934.588,3935.303,3854.526,3866.596,0
TRCCI,05-Jan-2015,446.918,449.435,446.662,449.184,0
TRIA,05-Jan-2015,7.91,7.91,0.57,1.07,0
TRIN,05-Jan-2015,135.5,135.5,1.05,1.83,0
TRIQ,05-Jan-2015,0.72,1.71,0.58,1.63,0
TSX,05-Jan-2015,14709.02,14709.02,14339.5,14392.7,0
TTCD,05-Jan-2015,171.06,171.41,168.15,168.53,6355100
TTCS,05-Jan-2015,438.89,441.26,429.61,431.75,2737300
TTEN,05-Jan-2015,220.01,221.23,208.81,210,91691000
TTFS,05-Jan-2015,252.09,253.13,246.18,247.96,24673000
TTGD,05-Jan-2015,153.02,155.34,150.22,155.34,56719900
TTHC,05-Jan-2015,105.76,106.39,103.08,104.3,1108200
TTIN,05-Jan-2015,191.84,193.05,187.37,187.54,14440500
TTMN,05-Jan-2015,704.28,705.94,672.52,677.03,9046000
TTMT,05-Jan-2015,222.36,222.36,216.96,220.88,56552300
TTRE,05-Jan-2015,271.98,273.65,271.73,273.56,6000900
TTTK,05-Jan-2015,47.66,47.99,47.04,47.33,6067400
TTTS,05-Jan-2015,129.2,129.7,127.72,128.18,3812400
TTUT,05-Jan-2015,228.82,229.35,227.82,229.22,3173700
TWII,05-Jan-2015,9292.31,9292.31,9182.02,9274.11,0
TXBE,05-Jan-2015,187.4,188.73,181.63,182.98,22065300
TXBM,05-Jan-2015,107.44,109.62,104.36,105.01,21781700
TXCT,05-Jan-2015,111.95,112.08,110.27,110.4,2888100
TXDC,05-Jan-2015,114.99,115.33,112.42,112.81,168674000
TXDE,05-Jan-2015,270.06,270.97,262.31,264.32,15056500
TXDV,05-Jan-2015,270.25,270.74,266.21,266.93,39172900
TXEI,05-Jan-2015,112.54,112.99,110.12,110.47,72610500
TXEW,05-Jan-2015,124.65,125,121.64,121.99,105676800
TXFO,05-Jan-2015,952.88,955.39,933.9,938.57,118536800
TXGM,05-Jan-2015,62.58,63.69,61.4,62.25,98795900
TXOE,05-Jan-2015,276.65,278.07,265.73,266.14,39106200
TXPR,05-Jan-2015,807.35,808.29,806.77,807.13,993300
TXSC,05-Jan-2015,945.96,949.46,923.89,927.34,105676800
TXSI,05-Jan-2015,112.04,112.44,109.1,109.49,43373500
TXSX,05-Jan-2015,855.45,858.87,835.5,838.62,105676800
TXTW,05-Jan-2015,585.05,586.21,576.35,580.02,69765800
TYX,05-Jan-2015,2.66,2.67,2.6,2.6,0
UNCA,05-Jan-2015,42,43,16,21,3862700
UNCD,05-Jan-2015,17,56,17,53,95004000
UNCE,05-Jan-2015,25,83,12,83,1726500
UNCN,05-Jan-2015,38,44,11,23,51927900
UNCQ,05-Jan-2015,105,105,50,70,17285400
UNCS,05-Jan-2015,77,198,77,197,22470100
UNCT,05-Jan-2015,185,185,77,114,73076100
UNCV,05-Jan-2015,86,315,86,315,26383200
UNCX,05-Jan-2015,163,512,163,512,48853300
UOI,05-Jan-2015,19.58,19.71,18.8,18.96,0
UTY,05-Jan-2015,609.13,610.56,600.27,602.59,0
UVCA,05-Jan-2015,0.39,6.66,0.39,3.86,0
UVCD,05-Jan-2015,9.53,95,1.79,95,0
UVCE,05-Jan-2015,0.28,6.59,0.13,1.72,0
UVCN,05-Jan-2015,0.65,55.68,0.65,51.92,0
UVCQ,05-Jan-2015,1.35,17.32,0.91,17.28,0
UVCS,05-Jan-2015,2.9,24.88,2.9,22.47,0
UVCT,05-Jan-2015,2.4,75.23,2.4,73.07,0
UVCV,05-Jan-2015,2.74,26.38,2.74,26.38,0
UVCX,05-Jan-2015,5.65,48.85,5.65,48.85,0
VFTSE,05-Jan-2015,18.606,21.984,16.596,21.984,0
VFWA,05-Jan-2015,21.53,21.94,21.4,21.74,0
VFWB,05-Jan-2015,21.37,22.13,20.73,21.82,0
VFY,05-Jan-2015,175.77,175.77,175.77,175.77,0
VGH,05-Jan-2015,108.71,108.71,108.71,108.71,0
VIO,05-Jan-2015,77.05,77.05,72.95,73.31,0
VIX,05-Jan-2015,19.19,21.29,19.19,19.92,0
VJW,05-Jan-2015,92.08,92.08,92.08,92.08,0
VLA,05-Jan-2015,4644.97,4644.97,4569.26,4582.43,0
VLG,05-Jan-2015,498.12,498.12,489.91,491.32,0
VVOL,05-Jan-2015,21.51,21.92,21.47,21.77,0
VWA,05-Jan-2015,19.73,21.61,19.73,20.26,0
VWB,05-Jan-2015,18.09,19.91,16.73,18.82,0
VXB,05-Jan-2015,17.79,21.29,17.79,19.92,0
VXD,05-Jan-2015,16.11,18.77,16.11,17.88,0
VXDE,05-Jan-2015,21.46,22.13,21.46,21.95,0
VXH,05-Jan-2015,1034.31,1034.31,1034.31,1034.31,0
VXJU,05-Jan-2015,20.72,21.64,20.72,21.15,0
VXMA,05-Jan-2015,19.71,21.55,19.71,20.94,0
VXN,05-Jan-2015,19.22,21.63,19.22,20.72,0
VXO,05-Jan-2015,17.72,19.52,17.42,17.78,0
VXP,05-Jan-2015,2734.81,2734.81,2734.81,2734.81,0
VXSE,05-Jan-2015,20.95,21.78,20.95,21.48,0
VXV,05-Jan-2015,20.02,21.32,20.02,20.79,0
WIV,05-Jan-2015,28.83,29.48,27.6,29.1,0
WIX,05-Jan-2015,28.83,29.48,27.6,29.1,0
WMX,05-Jan-2015,110,110,108.73,108.95,0
XAL,05-Jan-2015,103.13,103.28,101.09,101.52,0
XAO,05-Jan-2015,5415,5447.6,5409.4,5429.5,0
XAU,05-Jan-2015,70.92,71.88,69.39,71.8,0
XAX,05-Jan-2015,2412.06,2413.01,2362.12,2379.42,0
XBD,05-Jan-2015,183.52,183.52,179.94,180.49,0
XBEL,05-Jan-2015,3270.35,3306.17,3205.26,3208.15,0
XBS,05-Jan-2015,184.15,184.15,184.15,184.15,0
XCI,05-Jan-2015,1592.03,1594.7,1568.93,1572.18,0
XEO,05-Jan-2015,905.57,905.57,889.82,891.04,0
XFI,05-Jan-2015,145.927,145.927,145.066,145.417,0
XHL,05-Jan-2015,101.393,101.74,99.68,100.083,0
XIBX,05-Jan-2015,10267.2,10390.8,9977.8,9993.3,0
XID,05-Jan-2015,748.337,749.743,737.122,742.982,0
XII,05-Jan-2015,894.42,894.42,881.26,882.67,0
XIT,05-Jan-2015,97.407,98.683,94.896,95.326,0
XJO,05-Jan-2015,5435.9,5470.4,5429.6,5450.3,0
XMI,05-Jan-2015,1886.89,1886.89,1859.26,1861.29,0
XNA,05-Jan-2015,453.624,453.624,435.82,441.066,0
XNG,05-Jan-2015,726.24,726.24,698.22,699.13,0
XOI,05-Jan-2015,1336.74,1336.74,1281.91,1287.66,0
XSP,05-Jan-2015,205.44,205.44,201.73,202.06,0
XSV,05-Jan-2015,900.83,900.83,900.83,900.83,0
XTC,05-Jan-2015,1263.61,1263.61,1241.02,1243.81,0
XTV,05-Jan-2015,1258.54,1258.54,1258.54,1258.54,0
XU100,05-Jan-2015,85495.31,86795.82,85411.37,86462.57,0
ZAX,05-Jan-2015,3642.14,3658.67,3608.69,3645.86,0
ZOC,05-Jan-2015,132.1,132.1,130.16,130.37,0
